AB,ACBX,ACD,ACTO,CA,COR_CBCF,COR_CE,COR_CMCS,F_AGA_CEMS,F_EUPH_PLU,F_FUN_CECF,F_FUN_CMR,F_MER_CEMS,F_MER_PLE_PLOC,F_SC_ALC,F_SC_NEP,F_SC_XEN,F_SID_COS_PSA,G_ACA_MIC_HOM,G_AST,G_DIP,G_ECH_CB,G_ECH_OTH,G_GAL,G_GON_ALV_BER,G_HEL,G_HYD_CB,G_HYD_OTH,G_ISO_CSE,G_LEP,G_LOB_AUST,G_MER,G_MIL,G_MON,G_MYC,G_OXY_ECL_ECY,G_PAC,G_PEC,G_POC,G_POR_B,G_POR_CECS,G_POR_M,G_SER,G_STY,G_TUB_HET,G_TUR_DUN,IN,MA_BROWN,MA_GREEN,MA_OTH,MA_RED,OT,S_POR_RUS,SC_GORG_LIKE,SC_OTH,SC_OTH_E,SP,TA,ZOA
8.0,0.8,0.0,0.0,0.0,0.0,0.0,1.6,0.0,0.0,0.0,0.0,0.0,0.0,1.6,0.0,0.0,0.0,0.0,0.0,0.0,0.0,0.0,0.0,0.0,0.0,0.0,0.0,0.0,0.0,0.0,0.0,0.0,0.0,0.0,0.0,0.0,0.0,0.8,0.0,0.0,1.6,0.0,0.0,0.0,0.0,0.0,0.0,0.0,0.0,0.0,0.0,0.0,1.6,8.0,0.0,3.2,71.2,1.6
4.666666667,0.0,0.0,0.0,0.666666667,0.0,1.333333333,0.0,0.0,0.0,0.0,0.0,0.0,0.0,4.0,0.0,0.0,0.0,0.0,0.0,5.333333333,0.0,0.0,0.0,0.0,0.0,0.0,0.0,0.0,0.0,0.666666667,0.0,0.0,0.0,0.0,0.0,0.0,0.0,0.0,0.0,0.0,1.333333333,0.0,0.0,0.0,0.0,0.0,0.0,0.0,0.0,0.0,4.0,0.0,0.0,22.66666667,0.0,0.0,55.33333333,0.0
0.64516129,0.64516129,0.0,0.64516129,0.0,0.0,0.64516129,0.0,0.0,0.0,0.0,0.0,0.0,0.64516129,6.451612903,0.0,0.0,0.0,0.0,0.0,0.64516129,0.0,0.0,0.0,1.935483871,0.0,0.0,0.0,0.0,0.0,0.0,0.0,0.0,0.0,0.0,0.0,0.0,0.0,0.64516129,0.0,0.0,0.64516129,0.0,0.0,0.0,0.0,0.0,0.0,0.0,0.0,0.0,2.580645161,0.0,0.64516129,21.93548387,0.0,1.290322581,60.0,0.0
5.333333333,0.0,0.0,0.0,0.0,0.0,1.333333333,0.0,0.0,0.0,0.0,0.0,1.333333333,1.333333333,2.666666667,0.0,0.0,0.0,0.0,0.0,0.0,0.0,1.333333333,0.0,0.0,0.0,0.0,0.0,0.0,0.0,0.0,0.0,2.0,0.666666667,0.0,0.0,0.0,0.0,0.666666667,0.0,0.0,2.0,0.0,0.666666667,0.0,0.0,0.0,0.0,0.0,0.0,0.0,2.0,0.0,0.0,7.333333333,0.0,0.0,71.33333333,0.0
1.333333333,0.0,0.0,0.0,0.666666667,0.0,2.0,3.333333333,0.0,0.0,0.0,0.0,2.0,0.0,0.666666667,0.0,0.0,0.0,0.0,0.0,0.0,0.0,1.333333333,0.0,0.0,0.0,0.0,0.0,0.0,0.0,0.0,0.0,0.666666667,0.0,0.0,0.0,0.0,0.0,0.666666667,0.0,0.0,1.333333333,0.0,0.0,0.666666667,0.0,0.0,0.0,0.0,0.0,0.0,0.666666667,0.0,0.0,13.33333333,0.0,2.0,69.33333333,0.0
7.857142857,0.0,0.0,0.0,0.714285714,0.0,0.714285714,0.714285714,0.0,0.0,0.0,0.0,0.0,0.0,6.428571429,0.0,0.0,0.714285714,0.0,0.0,2.142857143,0.0,0.0,0.0,0.0,0.0,0.0,0.0,0.0,0.0,0.0,0.714285714,0.0,0.0,0.0,0.0,0.0,0.0,0.0,0.0,0.0,1.428571429,0.0,1.428571429,0.0,0.0,0.0,0.0,0.0,0.0,0.0,5.714285714,0.0,0.0,14.28571429,0.0,0.0,57.14285714,0.0
0.714285714,0.714285714,0.0,2.857142857,0.0,0.0,1.428571429,0.714285714,0.0,0.0,0.0,1.428571429,2.857142857,0.714285714,2.857142857,0.0,0.0,0.0,0.0,0.0,0.0,0.0,1.428571429,0.0,0.0,0.0,0.0,0.0,0.0,0.0,0.0,0.0,0.0,0.0,0.0,0.0,0.0,0.0,0.714285714,0.0,0.0,3.571428571,0.714285714,0.714285714,0.0,0.0,0.0,0.0,0.0,0.0,0.0,0.714285714,0.0,2.857142857,11.42857143,0.0,0.714285714,62.85714286,0.0
2.962962963,0.0,0.740740741,0.0,0.740740741,0.0,0.740740741,0.740740741,0.0,0.0,0.0,1.481481481,0.740740741,0.0,5.185185185,0.0,0.0,0.0,0.0,0.0,2.962962963,0.0,2.222222222,0.0,0.0,0.0,0.0,0.0,0.0,0.0,0.0,0.0,0.0,0.0,0.0,0.0,0.0,0.0,2.222222222,0.740740741,0.0,5.185185185,0.0,1.481481481,0.0,0.0,0.0,0.0,0.0,0.0,0.0,3.703703704,0.0,2.962962963,14.81481481,0.0,0.0,50.37037037,0.0
2.0,0.0,0.0,1.333333333,0.0,0.0,0.666666667,0.0,0.0,0.0,0.0,1.333333333,2.666666667,0.0,0.0,0.0,0.0,0.0,0.0,0.0,0.666666667,0.0,0.0,0.0,0.0,0.0,0.0,0.0,0.0,0.0,0.0,0.0,0.0,0.0,0.0,0.0,0.0,0.0,0.666666667,0.0,0.0,3.333333333,0.0,0.0,0.0,0.0,0.0,0.0,0.0,0.0,0.0,4.0,0.0,2.0,14.0,0.0,0.666666667,66.66666667,0.0
22.0,0.0,0.666666667,0.0,0.0,0.0,0.0,0.666666667,0.0,0.0,0.0,0.0,0.0,0.666666667,1.333333333,0.0,0.0,0.0,0.0,0.0,1.333333333,0.0,0.0,0.0,1.333333333,0.0,0.0,0.0,0.0,0.0,0.0,0.0,0.0,0.0,0.0,0.0,0.0,0.0,2.0,0.0,0.0,1.333333333,0.0,0.0,0.0,0.0,0.0,0.0,0.0,0.0,0.0,2.666666667,0.0,2.0,12.0,0.0,1.333333333,50.66666667,0.0
0.588235294,0.0,0.0,0.0,0.588235294,1.176470588,1.764705882,0.588235294,0.0,0.0,0.0,0.588235294,1.764705882,0.0,1.176470588,0.0,0.0,0.0,0.0,0.0,0.588235294,0.0,0.0,0.588235294,0.0,0.0,0.0,0.0,0.0,0.0,0.0,0.0,0.0,0.0,0.0,0.0,0.0,0.0,4.117647059,5.294117647,0.0,2.941176471,0.0,0.0,0.0,0.0,0.0,0.0,0.0,0.0,0.0,0.588235294,0.0,0.0,16.47058824,0.0,1.176470588,60.0,0.0
0.625,0.0,1.25,0.0,0.0,0.0,2.5,0.0,0.625,0.0,0.0,0.0,1.875,0.625,3.125,0.0,0.0,0.0,0.0,0.0,0.0,0.0,1.875,0.0,0.0,0.0,0.0,0.0,0.0,0.0,0.0,0.0,0.625,0.0,0.0,0.0,0.0,0.0,0.0,0.0,0.0,6.875,0.0,0.0,0.0,0.0,0.0,0.0,0.0,0.0,0.0,3.75,0.0,1.875,6.25,0.625,0.0,67.5,0.0
0.0,1.142857143,0.0,0.0,0.571428571,0.0,1.142857143,0.0,0.0,0.0,0.0,0.0,2.285714286,0.0,1.142857143,0.0,0.0,0.0,0.0,0.0,1.142857143,0.0,0.0,0.0,0.0,0.0,0.0,0.0,0.0,0.0,0.571428571,0.0,2.285714286,0.0,0.0,0.0,0.0,0.0,1.142857143,0.0,0.0,2.285714286,0.0,0.0,0.0,0.0,0.0,0.0,0.0,0.0,0.0,0.571428571,0.0,0.571428571,16.57142857,0.0,1.714285714,66.85714286,0.0
1.111111111,0.0,0.0,1.111111111,0.555555556,0.0,2.222222222,0.555555556,3.333333333,0.0,0.0,0.0,1.666666667,1.666666667,0.555555556,0.0,0.0,0.0,0.0,0.0,2.777777778,0.0,3.333333333,0.555555556,0.0,0.0,2.222222222,0.0,0.0,0.0,0.0,0.0,1.666666667,0.0,0.0,0.0,0.0,0.0,2.222222222,0.0,1.666666667,6.111111111,0.0,2.222222222,0.0,0.0,0.0,0.0,0.0,0.0,0.0,1.666666667,0.0,0.0,10.0,0.555555556,0.0,52.22222222,0.0
3.428571429,1.142857143,0.0,0.0,2.285714286,0.0,2.857142857,0.0,0.0,0.0,0.0,1.142857143,1.714285714,0.571428571,0.571428571,0.0,0.0,1.142857143,0.0,0.0,10.85714286,0.0,0.571428571,0.0,0.0,0.0,0.0,0.0,0.0,0.0,0.571428571,0.0,0.0,0.0,0.0,0.0,0.0,0.0,0.571428571,0.0,0.0,4.571428571,0.0,0.0,0.0,0.0,0.0,0.0,0.0,0.0,0.571428571,0.571428571,0.0,0.0,16.0,0.0,1.142857143,49.71428571,0.0
6.451612903,0.0,0.0,0.0,3.225806452,0.0,0.0,0.64516129,0.0,0.0,0.0,0.64516129,0.64516129,1.290322581,0.64516129,0.0,0.0,0.0,0.0,0.0,0.0,0.0,0.0,0.0,0.0,0.0,0.0,0.0,0.0,0.0,0.0,0.0,0.0,0.0,0.0,0.0,0.0,0.0,0.0,0.0,1.290322581,3.870967742,0.0,0.0,0.0,0.0,0.0,0.0,0.0,3.870967742,0.0,4.516129032,0.0,2.580645161,11.61290323,0.0,3.225806452,54.83870968,0.64516129
17.32673267,0.0,0.0,0.0,0.0,0.0,0.0,0.495049505,0.0,0.0,0.0,0.0,0.0,0.0,5.445544554,0.0,0.0,0.0,0.0,0.0,0.0,0.0,0.0,0.0,0.0,0.0,0.0,0.0,0.0,0.0,0.0,0.0,0.0,0.0,0.0,0.0,0.0,0.0,0.99009901,0.0,0.0,0.495049505,0.0,0.0,0.0,0.0,0.0,0.0,0.0,1.485148515,0.0,3.465346535,0.0,0.99009901,18.31683168,0.0,0.99009901,50.0,0.0
0.571428571,0.0,0.0,0.0,6.857142857,0.571428571,0.571428571,0.0,0.0,0.0,0.0,0.0,1.142857143,0.0,17.71428571,0.0,0.0,0.0,0.0,0.571428571,1.142857143,0.0,0.0,0.0,3.428571429,0.0,0.0,0.0,0.0,0.0,0.0,0.0,0.0,0.0,0.0,0.0,0.0,0.0,0.571428571,0.0,0.0,0.571428571,0.0,0.0,0.0,0.0,0.0,0.0,0.0,4.571428571,0.571428571,5.142857143,0.0,0.0,1.714285714,0.0,1.142857143,52.57142857,0.571428571
11.2195122,0.0,0.0,0.0,2.43902439,0.0,0.487804878,0.0,0.0,0.0,0.0,0.0,0.975609756,0.0,8.780487805,0.0,0.0,0.0,0.0,0.0,0.0,0.0,0.0,0.0,0.0,0.0,0.0,0.0,0.0,0.0,0.0,0.0,0.487804878,0.0,0.0,0.0,0.487804878,0.0,0.0,0.0,0.0,2.43902439,0.0,0.0,0.0,0.0,0.0,0.0,0.0,0.487804878,0.0,4.390243902,0.0,1.951219512,9.756097561,0.0,1.463414634,53.65853659,0.975609756
6.0,0.0,0.666666667,0.0,4.0,1.333333333,1.333333333,2.0,0.0,0.0,0.0,2.666666667,1.333333333,0.0,8.666666667,0.0,0.0,0.0,0.0,0.0,0.0,0.0,0.0,0.0,0.0,0.0,0.0,0.0,0.0,0.0,0.0,0.0,0.0,0.0,0.0,0.0,0.0,0.0,0.666666667,0.666666667,0.0,0.666666667,0.0,0.0,0.0,0.0,0.0,0.0,0.666666667,2.666666667,0.666666667,6.0,0.0,0.0,0.666666667,0.0,1.333333333,58.0,0.0
4.528301887,0.0,0.377358491,0.377358491,1.509433962,0.0,1.509433962,0.377358491,0.0,0.0,0.0,0.0,1.132075472,0.0,2.264150943,0.0,0.0,0.0,0.0,0.0,4.528301887,0.0,0.0,0.0,0.0,0.0,0.0,0.0,0.0,0.0,0.0,0.0,0.377358491,0.0,0.0,0.0,0.0,0.0,2.264150943,0.0,0.377358491,1.509433962,0.377358491,0.0,0.0,0.0,0.0,0.0,0.377358491,1.509433962,0.0,8.301886792,0.0,0.377358491,10.94339623,0.0,1.886792453,55.09433962,0.0
0.666666667,0.0,0.0,0.666666667,5.333333333,0.0,2.666666667,0.666666667,0.0,0.0,0.0,0.666666667,2.0,0.666666667,14.66666667,0.0,0.0,0.0,0.0,0.0,0.666666667,0.0,1.333333333,0.0,0.0,0.0,0.0,0.0,0.0,0.0,0.0,0.666666667,0.0,0.0,0.0,0.0,0.0,0.0,1.333333333,0.0,0.0,6.666666667,0.666666667,0.0,0.0,0.0,0.0,0.0,0.0,0.666666667,0.0,3.333333333,0.0,1.333333333,0.666666667,0.0,1.333333333,53.33333333,0.0
9.756097561,0.487804878,0.0,0.487804878,0.975609756,0.487804878,0.975609756,0.0,0.0,0.0,0.0,0.0,0.975609756,0.0,2.43902439,0.0,0.0,0.0,0.0,0.0,0.487804878,0.0,0.0,0.0,0.487804878,0.0,0.0,0.0,0.0,0.0,0.0,0.0,0.0,0.487804878,0.0,0.0,0.0,0.0,3.414634146,0.975609756,0.0,3.902439024,0.0,0.0,0.0,0.0,0.0,0.0,0.0,1.463414634,0.0,5.365853659,0.0,2.926829268,10.73170732,0.0,1.951219512,51.2195122,0.0
2.013422819,0.0,0.0,0.0,5.369127517,2.013422819,1.342281879,0.67114094,0.0,0.0,0.0,0.0,0.0,0.0,19.46308725,0.0,0.0,0.0,0.0,0.0,0.0,0.0,0.0,0.0,0.0,0.0,0.0,0.0,0.0,0.0,0.0,0.0,0.0,0.0,0.0,0.0,0.0,0.0,1.342281879,0.0,0.0,0.67114094,0.0,0.0,0.0,0.0,0.0,0.0,0.0,2.013422819,1.342281879,5.369127517,0.0,2.013422819,1.342281879,0.0,1.342281879,53.69127517,0.0
25.5,0.0,0.0,0.5,0.5,0.0,0.5,0.5,0.0,0.0,0.0,0.0,0.0,0.0,2.0,0.0,0.0,0.0,0.0,0.5,2.5,0.0,0.0,0.0,0.0,0.0,0.0,0.0,0.0,0.0,0.0,0.0,0.0,0.0,0.0,0.0,0.0,0.0,5.5,0.0,0.0,0.5,0.0,0.0,0.0,0.0,0.0,0.0,0.0,1.0,0.0,3.5,0.0,0.0,14.5,0.0,1.0,41.5,0.0
0.0,0.0,0.0,1.948051948,1.948051948,0.0,0.0,1.948051948,0.0,0.0,0.0,0.0,1.298701299,0.0,22.72727273,0.0,0.0,0.0,0.0,0.0,2.597402597,0.0,0.0,0.0,0.0,0.0,1.948051948,0.0,0.0,0.0,0.0,0.0,0.0,0.0,0.0,0.0,0.0,0.0,5.844155844,3.896103896,0.0,4.545454545,0.0,0.649350649,0.0,0.0,0.0,0.0,0.0,1.298701299,0.649350649,5.194805195,0.0,1.948051948,0.649350649,0.0,1.948051948,38.96103896,0.0
6.091370558,0.0,0.0,0.0,0.507614213,0.0,0.507614213,0.0,2.030456853,0.0,0.0,0.0,2.030456853,0.507614213,2.538071066,0.0,0.0,0.0,0.0,0.0,0.0,0.0,0.0,0.0,0.0,0.0,0.0,0.0,0.0,0.0,0.0,0.0,0.0,1.015228426,0.0,0.0,0.0,0.0,1.52284264,0.0,0.0,4.060913706,0.507614213,0.507614213,0.0,0.0,0.0,0.0,0.0,1.52284264,0.507614213,6.091370558,0.0,1.52284264,12.69035533,0.0,1.015228426,54.31472081,0.507614213
0.0,0.0,0.0,0.0,2.649006623,0.0,0.662251656,0.0,0.0,0.0,0.0,0.0,0.662251656,0.0,26.49006623,0.0,0.0,0.0,0.0,0.0,2.649006623,0.0,0.0,0.662251656,0.0,0.0,0.0,0.0,0.0,0.0,0.0,0.0,0.662251656,0.662251656,0.0,0.0,0.0,0.0,0.0,0.0,0.0,3.311258278,0.0,0.0,0.0,0.0,0.0,0.0,0.662251656,10.59602649,0.0,6.622516556,0.0,0.0,0.662251656,0.0,1.986754967,41.05960265,0.0
0.505050505,0.0,0.0,1.515151515,0.505050505,0.0,0.505050505,0.505050505,0.0,0.0,0.0,0.505050505,3.03030303,2.525252525,3.535353535,0.0,0.0,0.0,0.0,0.0,4.545454545,0.0,3.03030303,0.0,0.0,0.0,0.505050505,0.0,0.0,0.0,2.02020202,0.0,0.0,0.0,0.0,0.0,0.0,0.0,1.01010101,0.0,0.0,1.01010101,0.0,1.01010101,0.0,0.0,0.0,0.0,0.0,0.505050505,0.0,5.050505051,0.0,0.0,13.63636364,0.0,0.505050505,54.04040404,0.0
4.458598726,0.0,0.0,0.636942675,9.554140127,0.0,1.910828025,0.636942675,0.0,0.0,0.0,0.0,1.27388535,0.636942675,20.38216561,0.0,0.0,0.0,0.0,0.0,4.458598726,0.0,1.910828025,0.0,0.0,0.0,0.0,0.0,0.0,0.0,1.910828025,0.636942675,0.0,0.0,0.0,0.0,0.0,0.0,2.547770701,0.0,0.0,0.0,0.0,0.0,0.0,0.0,0.0,0.0,0.636942675,4.458598726,0.0,6.369426752,0.0,0.636942675,0.0,0.0,0.0,36.94267516,0.0
8.0,0.0,0.0,0.0,1.5,0.0,0.5,0.0,0.0,0.0,0.0,0.0,1.0,0.0,7.5,1.5,0.0,0.0,0.0,0.0,0.0,0.0,0.0,0.0,0.0,0.0,0.0,0.0,0.0,0.0,0.0,0.0,0.0,0.0,0.0,0.0,0.0,0.0,0.0,0.0,0.0,1.0,0.0,0.5,0.0,0.0,0.0,0.0,0.0,0.0,0.5,1.5,0.0,3.5,0.5,0.0,0.0,72.5,0.0
4.784688995,0.0,0.0,0.0,2.392344498,0.0,0.0,0.0,0.0,0.0,0.0,0.0,0.4784689,0.4784689,25.35885167,0.0,0.0,0.0,0.0,0.0,5.263157895,0.0,0.0,0.0,0.0,0.0,0.0,0.0,0.0,0.0,0.0,0.0,0.0,0.0,0.0,0.0,0.0,0.0,2.870813397,0.0,0.0,1.913875598,0.0,0.0,0.0,0.0,0.0,0.0,0.0,0.956937799,0.0,2.392344498,0.0,0.0,0.0,0.0,3.349282297,49.76076555,0.0
0.5,0.0,0.0,0.0,4.0,0.0,1.5,0.0,0.0,0.0,0.0,0.0,1.5,0.0,24.0,0.0,0.0,0.0,0.0,0.0,3.5,0.0,0.0,0.5,3.5,0.0,0.0,0.0,0.0,0.0,0.0,0.0,1.0,0.0,0.0,0.0,0.0,0.0,0.5,0.0,0.0,0.0,0.0,0.0,0.0,0.5,0.0,0.0,0.0,0.0,0.5,1.5,0.0,2.0,0.0,0.0,0.5,54.5,0.0
16.0,0.0,0.0,0.0,2.5,0.0,0.0,0.0,0.0,0.0,0.0,0.0,0.5,1.0,10.0,0.0,0.0,1.0,0.0,0.0,0.0,0.0,0.0,0.5,0.0,0.0,0.0,0.0,0.0,0.0,1.0,0.0,1.0,0.0,0.0,0.0,0.0,0.0,0.0,0.0,0.0,2.0,0.0,0.0,0.0,0.0,0.0,0.0,0.0,1.0,0.0,5.0,0.0,0.0,0.0,0.0,3.0,55.5,0.0
3.0,0.0,0.0,0.0,2.0,0.0,0.5,0.0,0.0,0.0,0.0,0.5,1.0,0.5,15.0,2.0,0.0,0.0,0.0,0.0,0.0,0.0,0.0,0.0,0.0,0.0,0.0,0.0,0.0,0.0,0.0,0.0,0.0,0.0,0.0,0.0,0.0,0.0,1.5,0.0,0.0,2.0,0.0,0.0,0.0,0.0,0.0,0.0,0.0,0.0,0.5,3.0,0.0,0.0,1.5,0.0,2.0,65.0,0.0
7.179487179,0.0,0.0,0.0,5.641025641,0.0,0.512820513,0.512820513,0.0,0.0,0.0,1.025641026,1.025641026,1.538461538,13.33333333,2.051282051,0.0,0.512820513,0.0,0.0,2.051282051,0.0,0.512820513,0.0,0.0,0.0,0.0,0.512820513,0.0,0.0,0.0,0.0,0.0,0.0,0.0,0.0,0.0,0.0,0.0,0.0,0.0,0.0,0.0,0.0,0.0,0.0,0.0,0.0,0.0,2.051282051,0.0,5.641025641,0.0,0.0,1.025641026,0.0,4.615384615,50.25641026,0.0
2.5,0.0,0.0,0.0,3.0,0.0,1.5,0.5,0.0,0.0,0.0,1.5,2.5,0.0,9.0,0.5,0.0,0.0,0.0,0.0,0.0,0.0,0.0,0.0,0.0,0.0,0.0,0.0,0.0,0.0,0.0,0.0,0.0,1.0,0.0,0.0,0.0,0.0,3.0,0.0,0.5,3.0,0.0,0.0,0.0,0.0,0.0,0.0,0.0,0.0,0.0,0.5,0.0,1.5,1.0,0.0,1.5,66.5,0.5
5.0,0.0,0.0,0.0,2.0,0.0,1.5,1.0,0.0,0.0,0.0,0.0,2.5,1.0,13.5,0.0,0.0,0.0,0.0,0.0,2.5,1.5,0.0,0.0,1.5,0.0,1.0,0.0,0.0,0.0,0.5,1.0,0.0,0.0,0.0,0.0,0.0,0.0,2.0,1.5,0.0,4.0,0.0,0.0,0.0,0.0,0.0,0.0,0.0,1.0,0.0,2.0,0.0,3.0,1.0,0.0,5.0,46.0,0.0
2.5,0.0,0.5,0.0,2.0,0.0,3.0,0.5,0.0,0.0,0.0,0.0,0.0,1.0,12.5,2.5,0.0,1.5,0.0,0.0,0.0,0.0,0.0,0.0,0.0,0.0,0.0,0.0,0.0,0.0,0.5,0.0,0.0,0.0,0.0,0.0,0.0,0.0,1.0,0.0,1.0,3.0,0.0,0.0,0.0,0.5,0.0,0.0,0.5,0.0,3.0,3.0,0.0,0.0,0.5,0.0,1.0,60.0,0.0
22.0,0.0,0.0,2.0,1.0,0.0,0.0,0.5,0.0,0.0,0.0,0.5,1.0,0.0,14.5,2.0,0.0,0.0,0.0,0.0,1.0,0.5,0.0,0.0,0.0,0.0,0.0,0.0,0.0,0.0,0.0,0.0,1.0,0.0,0.0,0.0,0.5,0.0,1.0,0.0,0.0,3.0,0.0,0.0,0.0,0.0,0.0,0.0,0.0,1.5,0.0,1.5,0.0,1.0,0.0,0.0,1.5,44.0,0.0
6.0,0.0,0.0,0.0,4.0,0.0,1.5,0.5,0.0,0.0,0.0,0.0,2.0,0.0,18.0,1.0,0.0,0.0,0.0,0.0,0.0,0.0,0.5,0.0,0.0,0.0,0.0,0.0,0.0,0.0,0.0,0.0,0.0,0.0,0.0,0.0,0.0,0.0,2.0,1.0,0.5,3.0,0.0,0.0,0.0,0.0,0.0,0.0,1.5,0.5,2.0,2.0,0.0,0.0,0.5,0.0,0.5,53.0,0.0
5.5,0.0,0.0,0.0,3.0,0.0,0.5,0.0,0.0,0.0,0.0,0.0,0.0,0.5,12.0,1.0,0.0,2.0,0.0,0.0,0.0,0.5,0.0,0.5,0.0,0.0,0.0,0.0,0.0,0.0,0.0,0.0,1.5,0.0,0.0,0.0,0.0,0.0,3.5,0.0,0.0,3.5,0.0,0.0,0.0,0.0,0.0,0.0,0.0,2.0,0.0,3.5,0.0,1.5,0.0,0.0,2.5,56.5,0.0
0.5,0.0,0.0,0.0,7.5,0.0,0.0,1.0,0.0,0.0,0.0,0.0,1.0,0.0,23.5,0.5,0.0,0.0,0.0,0.0,0.0,0.0,0.0,0.0,0.0,0.0,0.0,0.0,0.0,0.0,0.0,0.0,0.5,0.0,0.0,0.0,0.0,0.0,0.0,0.0,0.5,1.5,0.0,0.0,0.0,0.0,0.0,0.0,0.0,0.0,0.0,3.5,0.0,0.0,0.0,0.0,2.5,57.5,0.0
2.512562814,0.0,0.502512563,1.005025126,1.005025126,0.0,1.507537688,0.0,0.0,0.0,0.0,0.0,1.005025126,2.010050251,14.57286432,0.0,0.0,3.51758794,0.0,0.0,0.502512563,0.0,0.0,1.507537688,0.0,0.0,0.0,0.0,0.0,0.0,0.502512563,0.0,0.502512563,1.005025126,0.0,0.0,0.0,0.0,2.512562814,0.0,0.0,3.51758794,0.0,0.0,0.0,0.502512563,0.0,0.0,0.0,2.512562814,0.0,5.527638191,0.0,0.502512563,0.0,0.0,2.010050251,51.25628141,0.0
0.5,0.0,0.0,0.5,1.0,0.0,0.5,0.0,0.0,0.0,0.0,2.0,1.5,1.5,12.0,1.0,0.0,0.5,0.0,0.0,9.0,0.0,1.0,0.5,0.0,0.0,0.0,0.0,0.0,0.0,0.0,0.0,0.5,0.0,0.0,0.0,0.5,0.0,0.5,0.0,1.0,1.0,0.0,0.0,0.0,0.0,0.0,0.0,0.5,0.0,0.0,7.5,0.0,0.0,0.0,0.0,2.0,54.5,0.5
10.5,0.0,0.0,0.0,0.5,0.0,2.0,0.0,0.0,0.0,0.0,0.0,0.5,0.0,8.0,1.0,0.0,0.0,0.0,0.0,2.0,0.0,0.0,0.0,0.0,0.0,0.0,0.0,0.0,0.0,0.5,0.0,0.0,0.0,0.0,0.0,0.0,0.0,1.5,0.0,0.0,0.5,0.0,0.0,0.0,0.0,0.0,0.0,0.0,5.5,0.0,1.0,0.0,1.5,0.0,0.0,0.0,64.5,0.5
9.793814433,0.0,0.0,0.0,7.731958763,0.0,1.030927835,0.0,0.0,0.0,0.0,0.515463918,0.0,0.0,27.83505155,0.515463918,0.0,0.0,0.0,0.0,3.608247423,0.0,0.0,0.0,0.0,0.0,0.0,0.0,0.0,0.0,0.0,0.0,0.0,0.0,0.0,0.0,0.0,0.0,0.515463918,0.0,0.0,0.0,0.0,0.0,0.0,0.0,0.0,0.0,0.515463918,0.515463918,2.06185567,2.06185567,0.0,0.0,0.0,0.515463918,5.154639175,37.62886598,0.0
1.507537688,0.0,0.0,0.0,1.507537688,0.0,1.507537688,0.0,0.0,0.0,0.0,0.0,0.0,0.0,13.06532663,3.015075377,0.0,0.0,0.0,0.0,2.512562814,0.0,0.0,0.0,2.010050251,0.0,0.0,0.0,0.0,0.0,0.0,0.0,2.010050251,0.0,0.0,0.0,0.0,0.0,0.502512563,0.0,0.0,1.507537688,0.502512563,0.0,0.0,0.0,0.0,0.0,0.0,4.522613065,0.0,4.522613065,0.0,0.502512563,0.502512563,0.0,3.015075377,57.28643216,0.0
5.128205128,0.0,0.0,0.0,7.692307692,0.0,2.051282051,0.512820513,0.0,0.0,0.0,0.0,0.0,0.0,14.87179487,0.0,0.0,0.0,0.0,0.0,0.0,0.0,1.025641026,0.512820513,0.0,0.0,0.0,0.0,0.0,0.0,0.0,0.0,0.0,0.0,0.0,0.0,0.0,0.0,0.0,0.0,0.0,1.538461538,0.0,0.0,0.0,0.0,0.0,0.0,0.0,4.615384615,3.58974359,4.615384615,0.0,0.512820513,0.0,0.0,6.666666667,45.64102564,1.025641026
3.0,0.0,0.0,1.0,5.0,0.0,1.0,0.5,0.0,0.0,0.0,0.5,0.0,0.0,11.5,1.0,0.0,0.0,0.0,0.0,0.5,0.0,0.0,0.0,0.0,0.0,0.0,0.0,0.0,0.0,0.0,0.0,0.0,0.0,0.0,0.0,0.0,0.0,2.5,0.0,0.5,1.5,0.0,0.0,0.0,0.0,0.0,0.0,0.0,14.0,0.5,7.0,0.0,0.0,0.0,3.0,3.5,42.5,1.0
3.58974359,0.0,0.0,0.0,1.025641026,0.0,1.025641026,0.512820513,0.0,0.0,0.0,0.512820513,0.512820513,0.0,10.76923077,3.076923077,0.0,0.512820513,0.0,0.0,4.615384615,0.0,0.0,0.512820513,0.0,0.0,0.0,0.0,0.0,0.0,0.0,0.0,0.0,0.0,0.0,0.0,0.0,0.512820513,0.0,0.0,0.0,1.538461538,0.0,0.512820513,0.0,0.512820513,0.0,0.0,0.512820513,6.153846154,0.0,3.076923077,0.0,2.564102564,0.0,0.512820513,2.051282051,55.38461538,0.0
3.5,0.0,0.0,0.5,7.0,0.0,2.0,0.0,0.0,0.0,0.0,0.0,1.5,0.5,8.0,0.5,0.0,0.0,0.0,0.0,0.0,2.0,0.0,0.5,0.0,0.0,0.0,0.0,0.0,0.0,0.0,0.0,1.0,0.0,0.0,0.0,0.0,0.0,2.0,0.0,0.0,5.5,0.0,3.5,0.0,0.0,0.0,0.0,0.0,7.0,3.0,5.5,0.0,3.0,0.0,0.0,3.5,40.0,0.0
12.57142857,0.0,0.0,0.0,0.0,0.0,0.571428571,0.0,0.0,0.0,0.0,1.142857143,0.571428571,0.0,8.571428571,1.714285714,0.0,0.0,0.0,0.0,0.0,1.714285714,0.0,0.0,0.0,0.0,0.0,0.0,0.0,0.0,0.0,0.0,0.0,0.571428571,0.0,0.0,0.0,0.0,0.571428571,0.571428571,0.0,5.714285714,0.0,0.571428571,0.0,1.142857143,0.0,0.0,0.0,2.857142857,0.0,1.714285714,0.0,3.428571429,0.0,0.0,2.857142857,52.57142857,0.571428571
0.507614213,0.0,0.0,0.0,10.65989848,0.0,0.507614213,0.507614213,0.0,0.0,0.0,0.0,0.507614213,0.0,12.69035533,0.0,0.0,0.0,0.0,0.0,1.015228426,0.0,0.0,0.0,0.507614213,0.0,0.0,0.0,0.0,0.0,0.0,0.0,0.0,0.0,0.0,0.0,0.0,0.0,4.060913706,0.507614213,1.52284264,2.030456853,0.0,0.0,0.0,0.0,0.0,0.0,0.0,8.121827411,2.030456853,4.060913706,0.0,2.030456853,0.0,0.0,2.538071066,46.1928934,0.0
17.61658031,0.0,0.0,0.0,4.663212435,0.0,2.590673575,0.518134715,0.0,0.0,0.0,0.518134715,1.03626943,0.0,11.91709845,0.518134715,0.0,0.0,0.0,0.518134715,2.590673575,0.0,1.03626943,0.0,0.0,0.0,0.0,0.0,0.0,0.0,3.10880829,0.0,0.0,0.0,0.0,0.0,0.0,0.0,3.10880829,0.0,0.0,1.03626943,0.0,1.554404145,0.0,0.0,0.0,0.0,0.0,12.95336788,0.0,1.554404145,0.0,0.518134715,0.0,0.518134715,3.10880829,29.01554404,0.0
4.5,0.0,0.0,0.0,1.5,0.0,0.0,0.0,0.0,0.0,0.0,0.0,0.0,0.0,21.0,0.0,0.0,0.0,0.0,0.0,4.5,0.0,1.0,0.0,0.0,0.0,0.0,0.0,0.0,0.0,0.0,0.0,0.0,0.0,0.0,0.0,0.0,0.0,4.0,4.0,0.0,4.5,0.0,0.0,0.0,1.5,0.0,0.0,0.5,5.0,0.0,2.0,0.0,0.0,0.5,0.0,1.5,44.0,0.0
0.0,0.0,0.0,0.0,10.88082902,0.0,3.626943005,1.03626943,0.0,0.0,0.0,0.518134715,0.0,1.03626943,12.43523316,2.590673575,0.0,0.0,0.0,0.0,1.03626943,0.0,1.03626943,0.0,1.03626943,0.0,0.0,0.0,0.0,0.0,0.0,0.0,0.0,1.03626943,0.0,0.0,0.0,0.0,0.518134715,0.518134715,0.518134715,3.626943005,0.0,0.0,0.0,0.0,0.0,0.0,0.0,10.3626943,0.518134715,5.18134715,0.0,1.03626943,0.0,0.0,6.735751295,34.71502591,0.0
1.025641026,0.0,0.0,0.0,3.076923077,0.0,0.512820513,0.0,0.0,0.0,0.0,0.0,0.0,0.0,31.79487179,0.0,0.0,0.0,0.0,0.0,0.0,0.0,0.0,0.0,0.0,0.0,0.0,0.0,0.0,0.0,0.0,0.0,1.025641026,0.0,0.0,0.0,0.512820513,0.0,1.538461538,0.0,0.0,0.512820513,1.025641026,0.512820513,0.0,0.0,0.0,0.0,0.0,1.025641026,0.0,8.717948718,0.0,0.0,0.512820513,0.0,1.538461538,46.66666667,0.0
0.0,0.0,0.0,0.0,15.73604061,0.507614213,4.568527919,0.507614213,1.52284264,0.0,0.0,0.507614213,4.060913706,1.015228426,5.583756345,0.0,0.0,0.0,0.0,0.0,1.015228426,0.507614213,0.0,0.507614213,0.507614213,0.0,0.0,0.0,0.0,0.0,0.0,0.507614213,0.0,0.0,0.0,0.0,0.0,0.0,1.52284264,1.015228426,0.0,4.568527919,0.0,0.0,0.0,0.0,0.0,0.0,0.507614213,7.614213198,1.52284264,2.538071066,2.538071066,0.507614213,0.0,0.0,4.060913706,36.54822335,0.0
1.005025126,0.0,0.502512563,0.0,1.507537688,0.502512563,2.512562814,0.0,0.0,0.0,0.0,0.0,0.0,1.005025126,13.5678392,2.512562814,0.0,0.0,0.0,0.0,9.547738693,0.0,1.507537688,0.0,0.0,0.0,0.0,0.0,0.0,0.0,0.0,0.0,0.502512563,0.502512563,0.0,0.0,0.0,0.0,1.005025126,0.502512563,0.0,1.005025126,0.0,0.502512563,0.0,0.0,0.0,0.0,0.0,22.11055276,0.0,7.537688442,0.0,0.502512563,0.0,2.512562814,4.020100503,25.12562814,0.0
18.5,0.0,0.0,0.0,1.0,0.0,1.5,0.0,0.0,0.0,0.0,0.5,0.0,0.0,6.5,0.5,0.0,0.0,0.0,0.0,0.0,0.5,0.0,0.0,0.0,0.0,0.0,0.0,0.0,0.0,0.0,0.0,0.5,0.0,0.0,0.0,0.0,0.0,2.5,0.5,0.0,1.0,0.0,0.0,0.0,0.0,0.0,0.0,0.0,60.5,0.0,1.0,0.0,1.5,1.5,0.5,1.5,0.0,0.0
7.035175879,0.0,0.0,0.0,4.522613065,0.0,1.507537688,1.005025126,0.0,0.0,0.0,0.0,1.507537688,0.0,24.12060302,1.507537688,0.0,0.0,0.0,0.0,3.015075377,0.0,0.0,0.0,0.0,0.0,0.0,0.0,0.0,0.0,0.0,0.0,0.0,0.0,0.0,0.0,0.0,0.0,0.0,0.0,0.0,0.502512563,0.0,0.0,0.0,0.0,0.0,0.0,0.0,52.7638191,0.0,0.0,0.0,0.0,0.0,0.0,2.512562814,0.0,0.0
0.0,0.0,0.0,0.0,1.554404145,0.0,0.0,0.518134715,0.0,0.0,0.0,0.0,0.0,0.0,22.79792746,0.0,0.0,0.0,0.0,0.0,0.0,0.0,0.0,0.0,3.626943005,0.0,0.0,0.0,0.0,0.0,0.0,0.0,2.07253886,0.0,0.0,0.0,0.0,0.0,0.0,0.0,0.0,2.590673575,0.0,0.0,0.0,0.0,0.0,0.0,0.0,5.699481865,0.0,12.43523316,0.0,0.0,1.03626943,0.0,0.518134715,46.63212435,0.518134715
22.5,0.0,0.0,0.0,1.0,0.0,0.5,0.0,0.0,0.0,0.0,0.0,1.0,0.0,5.5,0.0,0.0,0.0,0.0,0.0,0.0,0.0,0.0,0.0,0.0,0.0,0.0,0.0,0.0,0.0,0.0,0.0,0.0,0.0,0.0,0.0,0.0,0.0,0.0,0.0,0.0,0.5,0.0,0.0,0.0,0.0,0.0,0.0,0.0,65.5,0.0,0.5,0.0,1.0,0.0,0.0,1.5,0.0,0.5
1.507537688,0.0,0.0,0.0,1.005025126,0.0,3.51758794,1.005025126,0.0,0.0,0.502512563,0.502512563,1.005025126,0.0,5.025125628,0.502512563,0.0,0.0,0.0,0.0,1.507537688,0.0,0.0,0.502512563,0.0,0.0,0.0,0.0,0.0,0.0,0.0,0.0,0.502512563,0.0,0.0,0.0,0.0,0.0,0.0,0.502512563,0.0,1.005025126,0.0,0.502512563,0.0,0.0,0.0,0.0,0.0,70.35175879,0.0,2.512562814,0.0,0.502512563,0.0,0.0,7.035175879,0.0,0.502512563
5.527638191,0.0,0.0,0.0,2.512562814,0.0,1.507537688,0.0,0.0,0.0,0.0,0.0,1.005025126,1.507537688,11.05527638,3.015075377,0.0,0.0,0.0,0.0,2.512562814,0.0,0.0,0.502512563,0.502512563,0.0,0.0,0.0,0.0,0.0,4.522613065,0.0,0.0,0.0,0.0,0.0,0.0,0.0,0.0,0.0,0.0,2.010050251,0.502512563,0.0,0.0,0.0,0.0,0.0,0.0,10.55276382,0.0,8.542713568,0.0,0.502512563,0.502512563,0.0,3.015075377,38.19095477,2.010050251
9.0,0.0,0.0,0.0,3.0,0.0,0.5,0.0,0.0,0.0,0.0,0.0,1.5,1.0,8.5,2.0,0.0,0.0,0.0,0.5,0.0,1.5,0.0,0.5,0.0,0.0,0.0,0.0,0.0,0.0,0.5,0.0,0.0,0.0,0.0,0.0,0.0,0.0,0.5,0.0,0.0,5.5,0.0,2.0,0.0,0.0,0.0,0.0,0.0,60.0,0.0,1.0,0.0,1.0,0.0,0.0,1.0,0.5,0.0
8.542713568,0.0,0.0,0.0,3.015075377,0.0,1.005025126,1.507537688,0.0,0.0,0.0,0.502512563,0.502512563,0.0,10.05025126,3.51758794,0.0,0.0,0.0,0.0,0.0,0.0,0.0,0.502512563,0.502512563,0.0,0.0,0.0,0.0,0.0,0.502512563,0.0,0.0,0.502512563,0.0,0.0,0.0,0.0,0.0,0.0,1.005025126,5.025125628,0.0,1.005025126,0.0,0.502512563,0.0,0.0,0.0,57.78894472,0.0,0.0,0.0,2.512562814,0.0,0.0,1.507537688,0.0,0.0
0.0,0.0,0.0,0.0,2.030456853,0.507614213,2.030456853,0.0,0.0,0.0,0.0,0.0,1.015228426,0.0,19.79695431,0.0,0.0,0.0,0.0,0.0,0.0,0.0,0.0,0.507614213,1.015228426,0.0,0.0,0.0,0.0,0.0,0.0,0.0,1.015228426,0.0,0.0,0.0,0.0,0.0,2.538071066,0.0,0.0,2.030456853,0.0,0.0,0.0,0.0,0.0,0.0,0.0,1.015228426,0.0,7.614213198,0.0,0.507614213,0.507614213,0.507614213,1.015228426,55.32994924,1.015228426
24.5,0.0,0.0,0.0,6.0,0.0,0.5,0.0,0.0,0.0,0.0,0.0,0.5,0.5,12.5,0.0,0.0,0.0,0.0,0.0,3.0,0.0,0.0,0.0,0.0,0.0,0.0,0.0,0.0,0.0,0.0,0.0,0.0,0.0,0.0,0.0,0.0,0.0,3.5,0.0,0.0,3.0,0.0,0.0,0.0,0.0,0.0,0.0,0.0,43.5,0.0,0.5,0.0,0.5,0.0,0.0,1.5,0.0,0.0
1.507537688,0.0,0.502512563,0.0,5.527638191,0.0,3.015075377,1.507537688,0.0,0.0,0.0,0.502512563,1.005025126,0.0,18.09045226,0.0,0.0,0.0,0.0,0.0,4.020100503,0.0,1.507537688,0.0,0.0,0.0,0.0,0.0,0.0,0.0,0.0,0.0,0.0,1.005025126,0.0,0.0,0.0,0.0,3.51758794,2.512562814,1.507537688,4.020100503,0.0,0.0,0.0,0.0,0.0,0.0,0.502512563,43.2160804,0.0,1.005025126,0.0,0.0,0.0,0.0,5.527638191,0.0,0.0
1.0,0.0,0.0,0.0,1.0,0.0,1.0,1.5,0.0,0.0,0.0,0.5,1.0,0.0,8.0,1.5,0.0,0.0,0.0,0.0,0.0,0.0,0.0,0.0,0.0,0.0,0.0,0.0,0.0,0.0,1.5,0.0,0.0,0.0,0.0,0.0,0.0,0.0,2.0,0.5,0.0,6.0,0.0,0.0,0.0,0.0,0.0,0.0,0.0,2.0,0.0,8.0,0.0,0.5,0.0,1.0,0.0,63.0,0.0
1.5,0.0,0.0,0.0,8.5,0.0,5.5,0.5,0.0,0.0,0.0,0.0,2.0,0.0,16.0,0.0,0.0,0.0,0.0,0.0,0.0,0.0,0.0,0.0,0.0,0.0,0.0,0.0,0.0,0.0,0.0,0.0,0.5,0.0,0.0,0.0,0.0,0.0,2.0,0.0,0.0,2.0,0.0,0.0,0.0,0.0,0.0,0.0,0.0,56.5,0.0,3.5,0.0,1.0,0.0,0.0,0.5,0.0,0.0
2.564102564,1.025641026,0.0,0.0,6.153846154,0.512820513,4.102564103,3.58974359,1.025641026,0.0,0.0,0.0,3.58974359,0.512820513,12.30769231,0.0,0.0,0.0,0.0,0.0,0.0,0.0,0.512820513,0.512820513,0.0,0.0,0.0,0.0,0.0,0.0,1.025641026,2.564102564,1.025641026,0.0,0.0,0.0,0.0,0.0,2.051282051,1.025641026,0.0,7.179487179,2.051282051,0.0,0.0,0.0,0.0,0.0,0.0,41.53846154,0.0,3.076923077,0.0,0.0,0.0,0.0,2.051282051,0.0,0.0
4.0,0.0,0.0,0.0,5.5,0.0,0.5,0.0,0.0,0.0,0.0,0.5,0.5,0.5,19.0,1.0,0.0,0.0,0.0,0.0,7.5,0.0,0.0,0.5,0.0,0.0,0.0,0.0,0.0,0.0,0.5,0.0,1.5,0.0,0.0,0.0,0.5,0.0,0.0,0.0,0.0,1.5,0.0,0.0,0.0,0.0,0.0,0.0,0.0,50.5,0.0,4.5,0.0,0.0,0.5,0.0,1.0,0.0,0.0
3.076923077,0.0,0.0,0.0,1.538461538,0.0,1.538461538,0.0,0.0,0.0,0.0,0.0,0.0,0.0,6.153846154,0.0,0.0,0.0,0.0,0.0,4.615384615,0.0,0.0,0.0,0.0,0.0,0.0,0.0,0.0,0.0,0.0,0.0,0.0,0.0,0.0,0.0,0.0,0.0,0.0,1.538461538,0.0,0.0,0.0,3.076923077,0.0,0.0,0.0,0.0,0.0,0.0,0.0,1.538461538,0.0,1.538461538,0.0,0.0,3.076923077,72.30769231,0.0
8.717948718,0.512820513,0.0,0.0,5.128205128,0.0,0.0,0.512820513,0.0,0.0,0.0,0.0,0.0,0.0,14.35897436,3.58974359,0.0,0.0,0.0,0.0,4.615384615,0.0,0.0,0.0,0.0,0.0,0.0,0.0,0.0,0.0,0.0,0.0,0.0,0.0,0.0,0.0,0.0,0.0,2.564102564,0.0,0.0,1.538461538,0.0,0.0,0.0,0.0,0.0,0.0,0.0,1.025641026,0.0,1.025641026,0.0,0.0,3.076923077,0.0,0.512820513,52.82051282,0.0
0.490196078,0.0,0.0,0.980392157,2.941176471,0.0,0.980392157,0.0,0.0,0.0,0.0,0.0,0.980392157,0.0,12.74509804,0.490196078,0.0,0.0,0.0,0.0,0.0,0.0,0.0,0.0,3.431372549,0.0,0.0,0.0,0.0,0.0,0.490196078,0.0,0.980392157,0.0,0.0,0.0,0.0,0.0,0.0,0.0,0.980392157,3.431372549,0.0,0.0,0.0,0.0,0.0,0.0,0.0,1.470588235,0.0,1.470588235,0.0,0.0,0.0,0.0,0.0,68.1372549,0.0
19.5,0.0,0.0,0.0,0.0,0.0,0.0,0.0,0.0,0.0,0.0,0.0,0.5,0.5,7.5,0.0,0.0,0.0,0.0,0.0,0.0,0.0,0.0,0.0,0.5,0.0,0.0,0.0,0.0,0.0,0.0,0.0,0.0,0.5,0.0,0.0,0.0,0.0,1.5,0.0,0.0,2.0,0.0,0.0,0.0,0.0,0.0,0.0,0.0,0.5,0.0,0.5,0.0,0.5,0.5,0.0,1.0,64.0,0.5
3.58974359,0.512820513,0.0,0.512820513,4.615384615,0.0,0.512820513,0.0,0.512820513,0.0,0.0,1.538461538,0.512820513,0.0,9.743589744,0.0,0.0,0.0,0.0,0.0,0.0,0.0,0.0,0.0,0.0,0.0,0.0,0.0,0.0,0.0,0.0,0.0,0.0,0.0,0.0,0.0,0.0,0.0,0.512820513,0.0,1.025641026,2.051282051,0.0,0.0,0.0,0.0,0.0,0.0,0.0,0.512820513,0.0,4.615384615,0.0,1.025641026,1.025641026,0.0,1.538461538,65.64102564,0.0
5.128205128,0.0,0.0,0.0,1.025641026,0.0,1.025641026,0.0,0.0,0.0,0.0,0.0,0.512820513,0.0,14.35897436,0.0,0.0,0.0,0.0,0.0,0.0,0.0,0.0,0.0,4.102564103,0.0,0.0,0.0,0.0,0.0,1.025641026,0.0,0.0,0.0,0.512820513,0.0,0.0,0.0,1.538461538,0.512820513,0.0,6.666666667,0.0,0.512820513,0.0,0.0,0.0,0.0,0.0,0.0,0.0,0.512820513,0.0,0.0,0.0,0.0,1.025641026,61.02564103,0.512820513
3.80952381,0.0,0.0,0.0,10.47619048,0.0,0.476190476,0.0,0.0,0.0,0.0,0.476190476,2.380952381,0.952380952,10.0,1.904761905,0.0,0.0,0.0,0.0,0.952380952,0.476190476,0.476190476,0.0,0.0,0.0,0.0,0.0,0.0,0.0,0.952380952,0.0,2.380952381,0.476190476,0.0,0.0,0.0,0.0,1.904761905,0.0,0.0,6.19047619,0.0,2.857142857,0.0,0.476190476,0.0,0.0,0.0,15.71428571,0.0,1.904761905,0.0,0.0,0.0,0.0,0.476190476,33.80952381,0.476190476
12.5,0.0,0.0,0.0,5.0,0.0,0.0,0.0,0.0,0.5,0.0,0.0,0.5,0.0,9.5,2.0,0.0,0.0,0.0,0.0,1.5,2.0,0.0,0.0,2.5,0.0,0.0,0.0,0.0,0.0,0.5,0.0,1.0,0.0,0.0,0.0,0.5,0.0,1.5,0.0,2.0,4.0,0.0,1.0,0.0,0.0,0.0,0.0,0.0,22.0,0.0,0.0,0.0,0.5,0.0,0.0,0.5,30.5,0.0
2.285714286,0.0,0.0,0.0,1.714285714,0.0,0.0,0.0,0.0,0.0,0.0,0.0,1.714285714,2.285714286,14.28571429,2.285714286,0.0,0.0,0.0,0.0,0.0,0.0,0.0,0.0,0.0,0.0,0.0,0.0,0.0,0.0,0.571428571,0.0,0.0,0.0,0.0,0.0,0.0,0.0,2.285714286,0.0,0.0,3.428571429,0.0,0.0,0.0,0.0,0.0,0.0,0.0,1.714285714,0.0,0.571428571,0.0,0.571428571,1.714285714,0.0,1.714285714,62.85714286,0.0
14.94845361,0.0,0.0,0.515463918,0.0,0.0,0.0,0.0,0.0,0.0,0.0,0.0,3.608247423,0.515463918,14.43298969,0.0,0.0,0.0,0.0,0.0,0.0,0.0,0.0,0.515463918,0.515463918,0.0,0.0,0.0,0.0,0.0,0.0,0.0,0.0,0.0,0.0,0.0,0.0,0.0,1.546391753,0.0,0.0,1.546391753,0.0,0.0,0.0,0.0,0.0,0.0,0.0,0.0,0.0,0.0,0.0,0.0,0.0,0.0,0.0,61.34020619,0.515463918
4.545454545,0.0,0.0,0.0,1.01010101,0.0,0.0,0.0,0.0,0.0,0.0,0.0,0.505050505,0.0,16.66666667,0.0,0.0,0.0,0.0,0.0,0.0,0.0,0.0,0.0,3.535353535,0.0,0.0,0.0,0.0,0.0,0.0,0.0,0.0,0.0,0.0,0.0,0.0,0.0,0.505050505,2.525252525,0.0,1.515151515,0.0,0.0,0.0,0.0,0.0,0.0,0.0,0.0,0.0,0.0,0.0,0.0,0.0,0.0,1.01010101,68.18181818,0.0
0.507614213,0.507614213,0.507614213,0.507614213,0.507614213,1.015228426,1.52284264,1.015228426,0.0,0.0,0.0,0.507614213,2.538071066,1.015228426,12.18274112,1.015228426,0.0,0.0,0.0,0.0,0.0,1.015228426,0.0,0.507614213,0.0,0.0,0.0,0.0,0.0,0.0,0.507614213,0.0,0.0,0.0,0.0,0.0,0.0,0.0,0.507614213,0.0,0.0,7.614213198,0.0,0.507614213,0.0,0.0,0.0,0.0,0.0,0.507614213,0.0,5.583756345,0.0,2.030456853,1.015228426,0.507614213,1.015228426,54.82233503,0.507614213
4.5,0.0,0.0,0.0,2.0,0.0,0.0,0.5,0.0,0.0,0.0,0.0,1.0,0.0,18.5,0.5,0.0,0.0,0.0,0.0,0.0,0.0,0.0,0.0,0.0,0.0,0.0,0.0,0.0,0.0,0.0,0.0,0.0,0.0,0.0,0.0,0.0,0.0,0.0,0.5,0.0,2.0,0.0,0.0,0.0,0.0,0.0,0.0,0.0,3.0,0.0,2.5,0.0,0.5,5.0,0.0,0.0,59.0,0.5
12.6984127,0.0,0.0,0.0,3.174603175,0.0,0.529100529,1.058201058,0.0,0.0,0.0,0.529100529,1.587301587,0.529100529,6.349206349,0.0,0.0,0.0,0.0,0.0,0.529100529,1.058201058,0.0,0.0,0.529100529,0.0,1.587301587,0.0,0.0,0.0,0.0,1.587301587,0.0,0.0,0.0,0.0,0.0,0.0,0.529100529,0.0,1.587301587,6.349206349,0.0,0.0,0.0,0.0,0.0,0.0,0.0,1.058201058,0.0,3.174603175,0.0,0.529100529,6.878306878,0.0,0.0,48.14814815,0.0
1.515151515,0.0,0.0,0.0,2.525252525,0.0,0.505050505,0.0,0.505050505,0.0,0.0,0.0,1.515151515,0.0,18.68686869,2.525252525,1.515151515,0.0,0.0,0.0,8.585858586,0.0,2.525252525,0.0,0.0,0.0,0.0,0.0,0.0,0.0,1.01010101,0.0,1.01010101,0.505050505,0.0,0.0,0.0,0.0,1.515151515,0.0,0.0,3.03030303,0.0,0.0,0.0,0.0,0.0,0.0,0.0,0.0,0.0,0.505050505,0.0,0.0,0.505050505,0.0,1.01010101,50.50505051,0.0
7.0,0.5,0.0,0.0,1.5,0.0,0.0,0.0,0.0,0.0,0.0,0.0,1.0,0.0,5.5,0.0,2.0,0.0,0.0,0.0,0.0,0.0,0.0,0.0,0.0,0.0,0.0,0.0,0.0,0.0,0.5,0.0,0.0,0.0,0.0,0.0,0.0,0.0,2.5,0.0,0.0,1.0,0.5,0.5,0.0,0.0,0.0,0.0,0.0,0.0,0.0,1.0,0.0,3.0,0.0,0.0,1.5,72.0,0.0
4.680851064,0.425531915,0.0,0.425531915,7.234042553,0.425531915,0.85106383,0.425531915,0.0,0.0,0.0,0.85106383,0.425531915,0.0,1.276595745,0.0,0.0,0.0,0.0,0.0,1.276595745,0.0,0.425531915,0.0,0.0,0.0,0.0,0.0,0.0,0.0,0.0,0.0,0.0,0.0,0.0,0.0,0.0,0.0,1.70212766,0.0,0.0,5.957446809,0.0,0.0,0.0,0.0,0.0,0.0,0.0,0.0,0.0,2.978723404,0.0,2.553191489,7.234042553,0.0,2.553191489,57.87234043,0.425531915
0.497512438,0.0,0.995024876,0.497512438,2.487562189,0.0,0.0,0.0,0.0,0.0,0.0,0.0,0.995024876,0.0,20.89552239,0.995024876,0.0,0.0,0.0,0.0,0.0,0.0,0.497512438,0.0,2.487562189,0.0,0.0,0.0,0.0,0.0,0.0,0.0,0.497512438,0.0,0.0,0.0,0.0,0.0,0.0,0.0,0.0,1.492537313,0.0,0.0,0.0,0.0,0.0,0.0,0.0,10.94527363,0.0,1.990049751,0.0,0.0,0.0,0.0,0.995024876,53.23383085,0.497512438
9.0,0.0,0.0,0.0,0.0,0.0,1.0,0.0,0.0,0.0,0.0,0.0,2.5,0.0,11.0,0.0,0.0,0.0,0.0,0.0,0.0,0.0,0.0,0.0,0.0,0.0,0.0,0.0,0.0,0.0,0.0,0.0,0.0,0.0,0.0,0.0,0.0,0.0,0.0,0.0,0.0,2.5,0.0,0.0,0.0,0.0,0.0,0.0,0.0,18.5,0.0,3.5,0.0,0.0,0.5,0.0,3.0,48.0,0.5
0.0,0.0,0.0,1.005025126,3.51758794,0.0,1.507537688,0.502512563,0.0,0.0,0.0,0.502512563,0.502512563,0.0,9.547738693,0.502512563,0.0,0.0,0.0,0.0,0.0,0.0,0.0,0.0,0.0,0.0,0.0,0.0,0.0,0.0,0.0,0.0,0.0,0.0,0.0,0.0,0.0,0.0,2.010050251,0.0,0.0,2.010050251,0.0,0.0,0.0,0.0,0.0,0.0,0.0,3.51758794,0.0,4.522613065,0.0,3.015075377,1.507537688,0.502512563,4.522613065,60.30150754,0.502512563
2.0,0.0,0.0,0.0,1.0,0.0,0.0,0.0,0.0,0.0,0.0,0.0,2.5,0.0,7.0,0.0,0.0,0.0,0.0,0.0,2.5,0.0,0.0,0.0,0.5,0.0,0.0,0.0,0.0,0.0,0.0,0.0,0.0,1.0,0.0,0.0,0.0,0.0,0.5,0.5,0.0,4.5,0.5,0.0,0.0,0.0,0.0,0.0,0.5,0.0,0.0,0.5,0.0,0.0,0.5,0.0,0.5,74.5,1.0
3.015075377,0.0,0.0,0.502512563,4.020100503,0.0,0.0,0.502512563,0.0,0.0,0.0,0.502512563,2.010050251,1.005025126,7.035175879,2.010050251,0.0,0.0,0.0,0.0,1.507537688,0.0,0.0,0.0,0.0,0.0,0.0,0.0,0.0,0.0,0.502512563,0.0,0.502512563,0.502512563,0.0,0.0,0.0,0.0,1.507537688,0.502512563,0.0,3.51758794,0.502512563,0.502512563,0.0,0.0,0.0,0.0,0.0,6.532663317,0.0,2.010050251,0.0,3.51758794,0.0,0.0,4.020100503,53.76884422,0.0
12.5,0.0,0.0,0.0,2.0,0.0,2.5,0.0,0.0,0.0,0.0,0.5,0.5,0.5,10.0,2.5,0.0,0.0,0.0,0.0,0.5,0.0,0.0,0.5,0.0,0.0,0.0,0.0,0.0,0.0,0.0,0.0,0.0,0.5,0.0,0.0,0.5,0.0,1.0,0.5,0.0,5.0,0.0,0.5,0.0,0.0,0.0,0.0,0.0,6.5,0.0,1.0,0.0,0.5,0.0,0.0,2.0,50.0,0.0
2.0,0.0,0.0,0.0,0.5,0.0,0.5,0.0,0.0,0.0,0.0,0.5,2.0,0.0,17.5,0.0,0.0,0.0,0.0,0.0,0.0,0.0,0.0,0.0,0.0,0.0,0.0,0.0,0.0,0.0,0.0,0.0,0.5,0.0,0.0,0.0,0.0,0.0,0.0,0.0,0.0,5.0,0.0,0.0,0.0,0.0,0.0,0.0,0.0,8.0,0.0,3.0,0.0,1.0,0.0,0.0,1.0,58.5,0.0
9.047619048,0.0,0.0,0.476190476,1.904761905,0.0,0.476190476,0.476190476,0.0,0.0,0.0,0.0,0.0,0.0,9.523809524,1.428571429,0.0,0.0,0.0,0.0,1.428571429,0.0,0.0,0.0,0.0,0.0,0.0,0.0,0.0,0.0,0.0,0.0,0.0,0.0,0.0,0.0,0.0,0.0,0.476190476,0.0,0.476190476,0.476190476,0.0,0.0,0.0,0.952380952,0.0,0.0,0.0,0.952380952,0.0,4.761904762,0.0,0.952380952,0.476190476,0.0,0.476190476,65.23809524,0.0
1.5,0.0,0.0,0.0,0.5,0.0,0.0,0.0,0.0,0.0,0.0,0.0,0.0,0.0,19.0,0.0,0.0,0.0,0.0,0.0,0.5,0.0,0.0,0.0,0.0,0.0,0.0,0.0,0.0,0.0,0.0,0.0,0.0,0.0,0.0,0.0,0.0,0.0,2.0,2.5,0.0,3.5,0.0,0.0,0.0,0.0,0.0,0.0,0.0,0.0,0.0,0.0,0.0,2.5,0.0,0.0,0.0,67.5,0.5
0.0,0.0,0.502512563,0.502512563,4.020100503,0.0,1.507537688,1.005025126,0.0,0.0,0.0,0.0,0.502512563,0.0,11.05527638,2.010050251,0.0,0.0,0.0,0.0,0.0,0.0,0.0,0.502512563,0.0,0.0,0.0,0.0,0.0,0.0,0.0,0.0,0.0,0.0,0.502512563,0.0,0.0,0.0,0.0,1.005025126,0.0,3.51758794,0.0,0.0,0.0,0.502512563,0.0,0.0,0.0,0.502512563,0.0,2.512562814,0.0,3.51758794,1.005025126,0.0,0.502512563,64.32160804,0.502512563
0.0,0.0,0.0,0.0,0.5,0.5,2.0,0.0,0.0,0.0,0.0,0.0,1.0,0.5,18.0,0.0,0.0,0.0,0.0,0.0,2.0,0.0,0.0,0.0,0.0,0.0,0.0,0.0,0.0,0.0,0.0,0.0,0.5,0.0,0.0,0.0,0.0,0.0,0.0,0.0,1.0,2.0,0.0,0.0,0.0,0.0,0.0,0.0,0.0,16.5,0.0,4.0,0.0,1.0,1.0,0.0,0.5,49.0,0.0
4.0,0.0,0.0,0.0,0.0,0.0,1.0,2.5,1.0,0.0,0.0,2.0,2.5,0.5,8.0,1.0,0.0,0.0,0.0,0.0,2.5,2.0,0.5,0.0,0.0,0.0,0.0,0.0,0.0,0.0,0.0,0.0,2.0,1.0,0.0,0.0,0.0,0.0,2.0,0.0,0.0,8.5,0.0,0.5,0.0,0.0,0.0,0.0,0.0,5.5,0.0,2.5,0.0,0.0,1.5,0.0,0.0,49.0,0.0
2.43902439,0.0,0.0,0.0,6.829268293,0.0,1.463414634,0.975609756,0.0,0.0,0.0,1.463414634,0.975609756,0.0,15.12195122,0.0,0.487804878,0.0,0.0,0.0,8.780487805,0.0,0.487804878,0.0,0.0,0.0,0.0,0.0,0.0,0.0,0.487804878,0.0,0.487804878,0.975609756,0.0,0.0,0.975609756,0.0,0.487804878,0.487804878,0.0,1.951219512,0.487804878,0.0,0.0,0.0,0.0,0.0,0.0,9.756097561,0.0,0.487804878,0.0,0.0,0.0,0.975609756,0.975609756,41.95121951,0.487804878
6.0,0.0,0.0,0.0,0.0,0.0,0.5,0.0,0.0,0.0,0.0,0.0,0.0,0.0,8.5,0.0,0.0,0.0,0.0,0.0,0.0,0.0,0.0,0.0,0.0,0.0,0.0,0.0,0.0,0.0,0.0,0.0,0.5,0.0,0.0,0.0,0.0,0.0,1.5,0.5,0.0,0.0,0.0,0.5,0.0,0.0,0.0,0.0,0.0,0.5,0.0,0.5,0.0,5.0,0.0,0.0,0.5,75.5,0.0
2.564102564,0.0,0.0,0.0,1.538461538,0.0,0.0,0.0,0.0,0.0,0.0,0.0,1.025641026,0.0,19.48717949,0.0,0.0,0.0,0.0,0.0,1.538461538,0.0,0.0,0.0,0.0,0.0,0.0,0.0,0.0,0.0,0.0,0.0,0.0,0.0,0.0,0.0,0.0,0.0,4.102564103,0.0,0.0,1.025641026,0.0,0.512820513,0.0,0.0,0.0,0.0,0.0,0.0,0.0,4.102564103,0.0,2.051282051,0.0,0.512820513,2.051282051,58.46153846,1.025641026
0.0,0.0,0.0,0.0,2.051282051,0.0,0.512820513,1.025641026,0.0,0.0,0.0,0.0,0.512820513,0.0,22.05128205,0.512820513,0.0,0.0,0.0,0.0,0.512820513,0.0,0.0,0.0,3.076923077,0.0,0.0,2.051282051,0.0,0.0,0.512820513,0.0,0.512820513,1.538461538,0.0,0.0,0.0,0.0,0.512820513,0.0,0.512820513,1.025641026,0.0,0.0,0.0,0.0,0.0,0.0,0.0,0.512820513,0.0,0.512820513,0.0,0.0,0.0,0.512820513,1.025641026,60.51282051,0.0
3.0,0.0,0.0,0.0,0.5,0.0,1.0,0.5,0.0,0.0,0.0,0.0,0.5,0.5,8.5,0.0,0.0,0.0,0.0,0.0,0.0,0.0,0.0,0.0,0.0,0.0,0.0,0.0,0.0,0.5,0.0,0.0,1.5,0.0,0.0,0.0,0.0,0.0,0.5,0.0,0.0,1.0,0.0,0.0,0.0,0.0,0.0,0.0,0.0,0.0,0.0,0.5,0.0,0.0,1.5,0.0,0.0,80.0,0.0
1.507537688,0.0,0.0,0.502512563,1.507537688,0.0,0.502512563,1.005025126,0.0,0.0,0.0,0.0,0.502512563,0.502512563,17.08542714,1.005025126,0.0,0.0,0.0,0.0,0.0,0.0,0.0,0.0,0.0,0.0,0.0,0.0,0.0,0.0,0.0,0.0,0.0,0.0,0.0,0.0,0.0,0.0,4.522613065,0.0,0.502512563,3.51758794,0.0,0.502512563,0.0,0.0,0.0,0.0,0.0,0.0,0.0,2.512562814,0.0,0.0,0.502512563,0.0,4.020100503,59.79899497,0.0
1.5,0.0,0.0,0.0,2.0,0.0,0.5,0.0,1.0,0.0,0.0,0.0,2.5,0.5,24.5,0.0,0.0,0.0,0.0,0.5,5.5,0.0,0.5,0.0,0.5,0.0,0.0,0.0,0.0,0.0,0.0,0.0,0.5,0.5,0.0,0.0,0.0,0.0,1.0,1.0,0.5,1.0,0.5,0.0,0.0,0.0,0.0,0.0,0.0,1.0,0.0,0.5,0.0,0.5,0.0,0.5,0.0,53.0,0.0
3.0,0.0,0.0,0.0,3.5,0.5,1.0,0.0,0.0,0.0,0.0,0.0,0.5,0.0,13.0,5.5,0.0,0.0,0.0,0.0,0.0,1.0,1.0,0.0,0.0,0.0,0.0,0.0,0.0,0.5,0.0,0.0,0.0,0.0,0.0,0.0,0.0,0.0,3.5,0.0,0.5,3.5,0.0,1.0,0.0,0.0,0.0,0.0,0.0,0.0,0.0,1.0,0.0,2.5,0.0,0.0,2.0,56.5,0.0
2.5,0.0,0.0,0.0,3.5,0.0,0.0,0.0,0.0,0.0,0.0,0.0,1.0,0.0,15.0,2.0,0.5,0.0,0.0,0.0,3.0,0.0,0.0,0.0,0.0,0.0,0.0,0.0,0.0,0.0,0.5,0.0,1.0,0.0,0.0,0.0,0.0,0.0,1.5,0.0,0.5,7.0,0.0,0.0,0.0,0.0,0.0,0.0,0.0,0.0,0.0,2.0,0.0,3.0,0.0,0.0,2.0,55.0,0.0
0.0,0.5,0.0,0.0,1.0,0.0,1.0,1.0,0.0,0.0,0.0,0.0,0.0,0.0,25.5,0.0,0.0,0.0,0.0,0.0,0.0,0.0,0.0,0.0,0.0,0.0,0.0,0.0,0.0,0.0,0.0,0.0,1.0,0.5,0.0,0.0,0.0,0.0,2.0,0.5,0.0,3.5,0.0,0.0,0.0,0.0,0.0,0.0,0.0,1.0,0.0,3.0,0.0,1.0,4.5,0.0,1.0,53.0,0.0
21.93548387,0.0,0.0,0.0,0.64516129,0.0,1.935483871,0.0,0.0,0.0,0.0,0.0,3.225806452,0.64516129,1.935483871,3.225806452,0.0,0.0,0.0,0.0,0.0,0.0,0.0,0.0,0.0,0.0,0.0,0.0,0.0,0.0,0.0,0.0,0.0,0.0,0.0,0.0,0.0,0.0,0.0,0.64516129,0.0,1.935483871,0.0,0.0,0.0,0.0,0.0,0.0,0.0,0.0,0.0,1.935483871,0.0,1.290322581,1.935483871,0.0,0.0,58.70967742,0.0
1.0,0.0,0.0,0.0,7.5,0.0,0.0,0.0,0.0,0.0,0.0,0.0,1.0,0.0,24.0,3.0,0.0,0.0,0.0,0.0,1.0,0.0,0.0,0.0,0.0,0.0,0.0,0.0,0.0,0.0,0.0,0.0,0.0,2.5,0.0,0.0,0.0,0.0,7.0,2.5,0.0,2.0,0.5,1.0,0.0,0.0,0.0,0.0,0.0,5.5,0.0,0.0,0.0,1.5,0.0,0.0,0.0,39.5,0.5
1.005025126,0.0,0.0,0.0,3.015075377,0.0,0.0,0.502512563,0.0,0.0,0.0,0.0,4.020100503,0.0,11.05527638,1.005025126,0.0,1.005025126,0.0,0.502512563,3.015075377,0.0,0.502512563,0.0,0.0,0.0,0.0,0.0,0.0,0.0,0.0,0.0,1.005025126,0.0,0.0,0.0,0.0,0.0,0.502512563,0.502512563,0.0,7.035175879,0.0,0.502512563,0.0,0.0,0.0,0.0,0.0,0.502512563,0.0,3.015075377,0.0,0.0,4.020100503,0.0,0.502512563,56.7839196,0.0
0.5,0.0,0.0,0.0,1.5,0.0,1.5,0.5,0.0,0.0,0.0,0.0,1.5,1.0,11.0,0.0,0.0,0.0,0.0,0.0,1.0,0.5,0.0,0.0,0.0,0.0,0.0,0.0,0.0,0.5,0.0,0.0,0.0,0.5,0.0,0.0,0.0,0.0,2.0,0.0,0.0,2.5,0.0,0.0,0.0,0.0,0.0,0.0,0.0,0.0,0.0,1.5,0.0,0.0,13.5,0.0,1.5,58.5,0.5
1.507537688,1.005025126,0.0,0.502512563,0.502512563,0.0,1.005025126,0.0,1.507537688,0.0,0.0,0.502512563,1.005025126,0.502512563,8.040201005,0.0,0.0,0.0,0.0,0.0,1.507537688,0.0,0.502512563,0.0,0.502512563,0.0,0.502512563,0.0,0.0,0.0,0.502512563,3.015075377,1.507537688,0.0,0.0,0.0,0.0,0.0,4.522613065,0.502512563,0.0,8.542713568,1.507537688,0.0,0.0,0.0,0.0,0.0,0.0,0.502512563,0.0,4.020100503,0.0,0.0,9.547738693,0.0,1.005025126,45.72864322,0.0
0.5,1.0,0.0,0.5,1.0,0.0,0.5,0.0,0.0,0.0,0.0,0.0,2.0,0.5,9.0,2.5,0.0,0.5,0.0,0.0,14.0,0.5,2.5,0.0,0.0,0.0,0.0,0.0,0.0,0.0,0.5,0.0,0.0,2.0,0.0,0.0,0.0,0.0,1.0,0.5,1.5,3.5,0.0,0.0,0.0,0.0,0.0,0.0,0.0,0.5,0.0,0.0,0.0,0.0,0.0,0.0,0.0,55.5,0.0
1.0,0.0,0.0,0.0,0.5,0.0,1.0,0.0,0.0,0.0,0.0,0.5,0.0,0.5,14.5,0.5,0.0,0.0,0.0,0.0,0.0,0.0,0.0,0.0,0.0,0.0,0.0,0.0,0.0,0.0,0.0,0.0,0.0,0.0,0.0,0.0,0.0,0.0,2.5,0.0,0.0,1.0,1.0,0.5,0.0,0.0,0.0,0.0,0.0,0.0,0.0,0.5,0.0,0.0,0.0,0.0,1.5,74.5,0.0
6.030150754,0.0,0.0,0.502512563,2.010050251,0.0,0.502512563,0.0,0.0,0.0,0.0,0.0,0.0,0.502512563,27.13567839,0.0,1.507537688,0.0,0.0,0.0,8.040201005,0.0,0.0,0.0,0.0,0.0,0.0,0.0,0.0,0.0,0.0,0.0,0.0,0.0,0.0,0.0,0.0,0.0,5.025125628,0.0,0.0,1.005025126,0.0,0.502512563,0.0,0.0,0.0,0.0,0.0,0.502512563,0.0,2.512562814,0.0,0.0,0.502512563,0.0,0.502512563,42.71356784,0.502512563
0.0,2.538071066,0.0,0.0,6.091370558,0.0,3.553299492,3.553299492,0.0,0.0,0.0,0.0,1.52284264,0.0,17.25888325,0.0,0.0,0.0,0.0,0.0,2.030456853,0.0,0.507614213,0.0,3.553299492,0.0,0.0,0.0,0.0,0.0,0.0,0.0,2.030456853,1.015228426,0.0,0.0,0.0,0.0,0.507614213,0.507614213,0.0,1.015228426,0.0,0.0,0.0,0.0,0.0,0.0,0.0,0.0,0.0,2.030456853,0.0,1.015228426,0.0,0.0,0.0,51.26903553,0.0
1.5,0.0,0.5,0.0,1.0,0.0,0.5,0.0,0.0,0.0,0.0,0.0,1.5,0.0,8.0,0.0,0.0,0.0,0.0,0.5,0.0,0.0,0.0,0.0,0.0,0.0,0.0,0.0,0.0,0.0,0.0,0.0,0.0,2.5,0.0,0.0,0.0,0.0,0.0,0.5,0.0,1.5,0.0,0.0,0.0,0.0,0.0,0.0,0.0,4.5,0.0,0.0,0.0,0.0,0.0,0.0,2.0,75.0,0.5
1.5,0.0,0.0,0.0,0.5,1.0,1.5,0.5,0.0,0.0,0.0,1.5,0.0,0.5,4.5,0.0,0.0,0.0,0.0,0.0,0.0,0.0,0.5,0.0,0.0,0.0,0.0,0.0,0.0,0.0,0.5,0.0,0.0,4.0,0.0,0.0,0.0,0.5,6.5,2.0,0.0,0.5,0.0,0.5,0.0,0.0,0.0,0.0,0.0,0.0,0.0,2.5,0.0,0.0,0.5,0.0,0.0,70.5,0.0
1.5,0.0,0.0,0.0,2.0,0.0,0.0,1.0,0.0,0.0,0.0,0.5,0.0,0.0,16.5,4.0,0.0,0.0,0.0,0.0,5.0,1.0,0.0,0.0,0.0,0.0,0.0,0.0,0.0,0.0,0.5,0.0,0.0,0.0,0.0,0.0,0.0,0.0,3.0,0.0,1.5,1.5,0.5,0.5,0.0,0.0,0.0,0.0,0.0,6.5,0.0,0.5,0.0,1.0,4.5,0.0,2.0,46.5,0.0
1.5,0.5,0.0,3.5,1.0,0.0,0.5,0.5,0.5,0.0,0.0,0.0,0.5,0.0,12.5,0.0,0.0,0.0,0.0,0.0,0.5,0.0,0.5,0.0,0.0,0.0,0.0,0.0,0.0,0.0,0.0,0.0,0.0,0.0,0.0,0.0,0.0,0.0,1.0,0.0,0.0,7.0,0.0,0.0,0.0,0.0,0.0,0.0,0.0,0.0,0.0,1.0,0.0,3.5,0.0,0.0,0.5,65.0,0.0
7.5,0.0,0.0,0.5,2.0,0.0,0.5,0.0,0.0,0.0,0.0,0.5,0.5,0.0,18.0,1.5,0.0,0.0,0.0,0.0,4.5,0.0,0.0,0.0,1.0,0.0,2.0,0.0,0.0,0.0,0.0,0.0,0.5,0.0,0.0,0.0,0.0,0.0,0.5,1.0,0.5,4.5,0.0,1.0,0.0,0.5,0.0,0.0,0.0,0.0,0.0,0.5,0.0,2.5,0.0,0.0,1.5,48.5,0.0
0.0,1.507537688,0.0,0.0,1.005025126,0.0,0.0,0.0,0.0,0.0,0.0,0.0,1.507537688,0.502512563,20.60301508,1.507537688,0.502512563,0.0,0.0,0.0,0.0,0.0,0.502512563,0.0,0.0,0.0,0.0,0.0,0.0,0.0,0.502512563,0.0,1.507537688,0.0,0.0,0.0,0.0,0.0,2.512562814,0.0,0.0,3.51758794,0.0,0.0,0.0,0.0,0.0,0.0,0.0,0.0,0.0,1.507537688,0.0,2.512562814,0.0,0.0,0.0,59.79899497,0.502512563
8.5,0.5,0.0,0.0,2.5,0.0,0.0,0.0,0.0,0.0,0.0,0.0,0.5,0.0,10.0,2.5,0.0,0.0,0.0,0.0,2.5,0.0,0.0,0.0,0.0,0.0,0.0,0.0,1.5,0.0,0.0,0.0,0.0,0.5,0.0,0.0,0.0,0.0,2.5,0.0,0.0,2.0,0.0,0.5,0.0,0.0,0.0,0.0,0.0,0.5,0.0,2.0,0.0,0.0,1.0,0.0,0.0,62.5,0.0
2.02020202,0.0,0.505050505,0.0,2.525252525,0.0,0.0,0.0,0.0,0.0,0.0,0.505050505,0.505050505,0.0,20.2020202,0.0,0.0,0.0,0.0,2.02020202,2.525252525,0.0,0.0,0.0,0.0,1.515151515,0.0,0.0,0.0,0.0,0.0,0.0,0.505050505,3.03030303,0.0,0.0,0.0,0.0,1.515151515,5.050505051,0.0,5.555555556,0.0,0.0,0.0,0.0,0.0,0.0,0.0,4.545454545,0.0,0.505050505,0.0,1.515151515,0.0,0.0,0.0,45.45454545,0.0
3.0,0.0,0.5,0.0,1.5,0.0,2.0,0.0,0.0,0.0,0.0,0.5,1.0,0.0,12.5,2.0,0.0,0.5,0.0,0.0,2.5,0.0,1.0,0.0,0.0,0.0,0.0,0.0,0.0,0.0,0.0,0.5,0.5,0.0,0.0,0.0,0.0,0.0,2.5,1.0,0.0,6.0,0.5,0.5,0.0,0.0,0.0,0.0,0.0,0.5,0.0,3.0,0.0,1.0,0.5,0.0,1.0,55.5,0.0
0.0,0.0,0.505050505,0.0,1.515151515,0.0,0.0,0.0,0.0,0.0,0.0,0.0,0.0,0.505050505,19.6969697,0.0,0.0,0.0,0.0,0.0,3.03030303,0.0,0.0,0.0,0.0,0.0,0.0,1.01010101,0.0,0.0,0.0,0.0,0.0,1.01010101,0.0,0.0,0.0,0.0,0.0,1.01010101,0.0,3.03030303,0.0,0.0,0.0,0.0,0.0,0.0,0.0,2.525252525,0.0,0.0,0.0,0.0,0.0,0.0,0.505050505,65.65656566,0.0
0.5,0.0,0.0,1.5,2.0,0.5,0.0,0.0,0.5,0.0,0.0,0.5,5.5,0.5,9.0,1.5,0.0,0.0,0.0,0.0,3.0,2.0,1.0,0.0,0.0,0.0,0.0,0.0,0.0,0.0,1.5,0.0,0.0,0.5,0.0,0.0,0.0,0.0,2.0,0.0,0.0,9.0,1.0,0.5,0.0,0.0,0.0,0.0,0.0,0.5,0.0,1.5,0.0,0.5,0.0,0.0,0.0,55.0,0.0
0.0,0.0,0.5,1.0,2.0,0.0,0.0,0.0,0.0,0.0,0.0,0.0,1.5,0.5,14.5,2.0,0.5,0.0,0.0,0.0,4.5,0.0,2.5,0.5,0.0,0.0,0.0,0.0,0.0,0.0,0.0,0.0,0.5,1.5,0.0,0.0,0.0,0.0,0.5,0.0,1.0,2.5,0.0,0.0,0.0,0.0,0.0,0.0,0.5,0.5,0.0,0.5,0.0,0.5,0.0,0.0,0.0,62.0,0.0
5.5,0.5,0.0,0.0,0.0,0.0,2.5,0.0,0.0,0.0,0.0,0.0,1.0,0.5,3.0,0.0,0.0,0.0,0.0,0.0,1.5,0.0,0.0,0.0,0.0,0.0,0.0,0.0,0.0,0.0,0.0,0.0,0.0,0.0,0.0,0.0,0.0,0.0,0.0,0.0,0.0,1.0,0.5,0.0,0.0,0.0,0.0,0.0,0.0,0.0,0.0,0.5,0.0,6.0,5.5,0.0,0.0,72.0,0.0
6.0,1.0,0.0,0.0,0.0,0.0,0.0,0.0,0.0,0.0,0.0,0.0,0.0,0.0,31.0,1.5,0.0,0.0,0.0,0.0,8.5,0.0,0.0,0.0,0.0,0.0,0.0,0.0,0.0,0.0,0.0,0.0,0.0,0.0,0.0,0.0,0.0,0.0,3.5,0.0,0.0,2.5,0.0,0.0,0.0,0.0,0.0,0.0,0.0,0.0,0.0,0.5,0.0,0.0,0.0,0.0,2.0,43.5,0.0
0.512820513,0.0,0.0,0.0,3.076923077,0.0,2.564102564,0.0,0.0,0.0,0.0,0.512820513,0.512820513,1.025641026,26.15384615,0.0,0.0,0.0,0.0,0.0,0.0,0.0,0.0,0.0,2.051282051,0.0,0.0,0.0,0.0,0.0,0.0,0.0,1.538461538,0.0,0.0,0.0,0.0,0.0,5.641025641,0.0,0.512820513,4.102564103,0.0,0.512820513,0.0,0.0,0.0,0.0,0.0,3.58974359,0.0,2.051282051,0.0,0.0,0.512820513,0.0,1.538461538,43.58974359,0.0
1.03626943,0.0,0.0,0.0,0.518134715,0.0,0.518134715,0.0,0.0,0.0,0.0,0.518134715,1.554404145,1.03626943,17.0984456,0.518134715,0.518134715,0.0,0.0,0.0,0.0,1.554404145,0.0,0.518134715,0.0,0.0,0.0,0.0,0.0,0.0,0.518134715,0.0,0.0,0.0,0.0,0.0,0.0,0.0,3.10880829,0.0,0.0,2.590673575,0.518134715,0.518134715,0.0,0.0,0.0,0.0,0.0,0.518134715,0.0,0.518134715,0.0,0.518134715,0.0,1.03626943,3.10880829,61.13989637,0.518134715
2.5,1.5,0.0,3.0,0.5,0.0,1.0,0.5,0.0,0.0,0.0,0.5,0.0,0.0,13.0,0.0,0.0,0.0,0.0,0.0,0.0,0.0,0.0,0.0,0.0,0.0,0.0,0.0,0.0,0.0,0.5,0.0,1.0,0.0,0.0,0.0,0.5,0.0,5.0,0.5,0.0,2.0,0.0,1.0,0.0,0.5,0.0,0.0,0.0,0.0,0.0,2.0,0.0,1.5,0.0,0.0,2.0,61.0,0.0
1.075268817,0.0,0.0,0.0,1.612903226,0.0,1.075268817,1.075268817,0.0,0.0,0.0,0.0,2.150537634,0.0,19.89247312,9.139784946,0.0,0.0,0.0,0.0,1.075268817,0.0,0.0,0.0,1.612903226,0.0,1.612903226,0.0,0.0,0.0,0.0,0.0,0.0,2.150537634,0.0,0.0,0.0,0.0,3.225806452,0.0,0.0,1.612903226,0.0,0.537634409,0.0,0.0,0.0,0.0,0.0,0.0,0.0,0.537634409,0.0,2.688172043,0.0,0.0,2.150537634,46.23655914,0.537634409
1.01010101,1.515151515,2.02020202,1.515151515,1.01010101,0.505050505,0.0,0.0,0.0,0.0,0.0,0.0,1.515151515,1.01010101,9.595959596,2.525252525,0.0,0.0,0.0,0.0,0.0,0.0,0.0,0.0,0.0,0.0,0.0,0.0,0.0,0.0,0.0,0.0,0.0,0.505050505,0.0,0.0,0.0,0.0,3.535353535,0.0,0.505050505,7.575757576,0.0,0.505050505,0.0,0.0,0.0,0.0,0.0,0.505050505,0.0,5.050505051,0.0,3.03030303,0.505050505,0.0,1.515151515,54.54545455,0.0
11.16751269,0.0,1.015228426,0.0,0.507614213,0.0,1.015228426,0.0,0.0,0.0,0.0,0.0,1.015228426,0.0,8.121827411,5.583756345,0.0,0.0,0.0,0.0,0.0,0.507614213,0.0,0.0,1.015228426,0.0,0.0,0.0,0.0,0.0,0.0,0.0,0.0,0.0,0.0,0.0,0.0,0.0,1.015228426,0.0,0.0,7.614213198,0.0,1.015228426,0.0,0.0,0.0,0.0,0.0,2.538071066,0.0,4.060913706,0.0,3.045685279,0.0,0.0,1.52284264,48.73096447,0.507614213
0.0,0.0,0.0,0.0,0.515463918,0.0,2.06185567,0.0,0.0,0.0,0.0,0.0,0.515463918,0.515463918,17.5257732,3.608247423,0.0,0.0,0.0,0.0,0.0,0.0,0.0,0.0,0.0,0.0,0.0,0.0,0.0,0.0,0.0,0.0,1.030927835,0.0,0.0,0.0,0.0,0.0,5.154639175,0.0,0.0,6.18556701,0.0,0.0,0.0,0.515463918,0.0,0.0,0.0,1.030927835,0.0,4.639175258,0.0,0.0,0.0,0.0,1.030927835,54.63917526,1.030927835
12.5,0.5,0.0,0.0,1.5,0.0,0.5,0.0,0.0,0.0,0.0,0.0,2.0,0.0,12.0,6.5,0.0,0.0,0.0,0.0,0.0,0.0,0.0,0.5,0.0,0.0,0.0,0.5,0.0,0.0,0.0,0.0,0.5,0.5,0.0,0.0,0.0,0.0,1.0,0.0,0.0,2.0,0.0,1.0,0.0,0.0,0.0,0.0,0.0,0.0,0.0,2.5,0.0,1.0,0.0,0.0,0.5,54.5,0.0
3.015075377,0.0,0.502512563,0.0,1.507537688,0.0,3.51758794,0.0,0.0,0.0,0.0,1.005025126,1.005025126,0.0,18.59296482,0.502512563,0.0,0.0,0.0,0.0,0.502512563,0.0,0.0,0.0,0.0,0.0,0.0,0.0,0.0,0.0,0.0,0.0,0.0,0.0,0.502512563,0.0,0.0,0.0,1.005025126,1.507537688,2.512562814,2.010050251,0.0,0.502512563,0.0,0.0,0.0,0.0,0.0,3.015075377,0.0,3.51758794,0.0,1.005025126,0.0,0.0,0.0,54.27135678,0.0
0.0,0.0,0.0,0.0,2.0,0.0,3.5,0.0,1.0,0.0,0.0,1.0,3.0,1.5,17.0,1.0,0.0,0.0,0.0,0.0,0.0,0.0,0.0,0.0,0.0,0.0,0.0,0.0,0.0,0.0,0.0,0.5,0.0,0.0,0.0,0.0,0.0,0.0,1.5,0.0,0.0,7.5,0.0,0.5,0.0,0.0,0.0,0.0,0.0,1.5,0.0,4.0,0.0,0.5,0.0,0.0,3.0,50.0,1.0
0.0,0.529100529,0.0,0.0,4.232804233,0.0,1.058201058,0.0,0.0,0.0,0.0,0.0,4.232804233,0.0,13.75661376,1.058201058,0.0,0.0,0.0,0.0,2.645502646,0.0,1.058201058,0.0,0.0,0.0,0.0,0.0,0.0,0.0,0.0,0.0,3.703703704,0.0,0.0,0.0,0.0,0.0,2.645502646,0.529100529,1.587301587,3.174603175,0.0,0.0,0.0,0.0,0.0,0.0,0.0,1.587301587,0.0,1.058201058,0.0,0.0,0.529100529,0.0,0.0,56.08465608,0.529100529
2.617801047,1.570680628,0.0,2.617801047,1.570680628,0.523560209,1.570680628,0.0,0.0,0.0,0.0,0.523560209,2.617801047,0.523560209,13.08900524,1.570680628,0.0,0.0,0.0,0.0,0.0,0.0,0.523560209,0.0,0.0,0.0,0.0,0.0,0.0,0.0,0.0,0.0,1.047120419,0.523560209,0.0,0.0,0.523560209,0.0,5.235602094,0.523560209,2.094240838,1.047120419,0.523560209,1.570680628,0.0,0.0,0.0,0.0,0.0,0.0,0.0,1.570680628,0.0,0.0,0.523560209,0.0,0.0,55.4973822,0.0
1.015228426,1.52284264,0.0,0.0,1.015228426,0.0,4.060913706,0.507614213,0.0,0.0,0.0,0.0,2.538071066,0.0,14.72081218,0.0,0.0,0.0,0.0,0.0,6.598984772,0.0,2.538071066,0.0,0.0,0.0,0.0,0.0,0.0,0.0,0.507614213,0.507614213,2.030456853,0.0,0.0,0.0,0.0,0.0,4.060913706,0.0,0.0,3.045685279,0.507614213,1.015228426,0.0,0.0,0.0,0.0,0.0,0.507614213,0.0,4.568527919,0.0,0.0,0.0,0.0,1.52284264,47.20812183,0.0
5.0,0.0,0.0,0.0,0.0,0.0,1.0,0.0,0.5,0.0,0.0,0.5,0.5,0.5,16.0,3.0,0.0,0.0,0.0,0.0,1.0,0.0,0.5,0.0,0.0,0.0,0.0,0.0,0.0,0.5,0.0,0.0,0.5,0.0,0.0,0.0,0.0,0.0,2.5,0.0,0.0,1.0,0.0,0.0,0.0,0.0,0.0,0.0,0.0,0.0,0.0,1.5,0.0,0.0,0.5,0.5,0.0,64.5,0.0
13.0,0.0,0.0,0.0,4.0,0.0,0.0,0.0,0.0,0.0,0.0,0.0,1.0,0.5,29.0,1.5,0.0,0.0,0.0,0.0,6.5,0.0,0.0,0.0,0.0,0.0,0.0,0.0,0.0,0.0,1.0,0.0,1.5,0.0,0.0,0.0,0.0,0.0,7.0,0.0,0.0,0.0,0.0,0.0,0.0,0.0,0.0,0.0,0.0,0.0,0.0,3.0,0.0,0.0,0.0,0.0,0.5,30.5,1.0
0.0,0.5,2.0,1.0,5.0,0.0,2.0,0.0,0.0,0.0,0.0,0.0,2.5,0.5,20.5,2.5,0.0,0.0,0.0,0.0,0.0,0.0,0.0,0.0,5.0,0.0,0.0,1.5,0.0,0.5,0.5,0.0,0.5,1.0,0.0,0.0,0.0,0.0,2.0,0.0,0.5,1.5,0.0,0.5,0.0,0.0,0.0,0.0,0.0,1.5,0.0,2.0,0.0,0.0,0.0,0.0,0.0,46.0,0.5
5.5,0.0,0.0,0.0,0.0,0.0,1.5,0.0,0.0,0.0,0.0,0.5,2.0,0.5,14.0,0.0,0.0,0.0,0.0,0.0,0.0,0.0,0.0,0.0,0.0,0.0,0.0,0.0,0.0,0.0,0.0,0.0,0.5,0.0,0.0,0.0,0.0,0.0,1.5,0.0,0.0,1.5,0.0,0.5,0.0,0.0,0.0,0.0,0.0,0.5,0.0,0.0,0.0,0.0,0.0,0.0,0.0,70.5,1.0
3.0,0.0,0.0,0.0,3.0,0.0,2.0,0.0,0.0,0.0,0.0,0.0,2.0,0.5,15.0,0.5,0.0,0.0,0.0,0.0,0.0,0.0,0.0,0.0,0.0,0.0,0.0,0.0,0.0,0.0,0.0,0.0,0.0,0.0,0.0,0.0,0.5,0.0,2.0,0.0,0.0,4.0,0.0,0.0,0.0,0.0,0.0,0.0,0.0,1.0,0.0,3.0,0.0,0.0,0.0,0.5,1.0,62.0,0.0
0.5,0.0,0.5,0.0,1.0,0.0,2.0,0.0,0.0,0.0,0.0,0.0,1.5,0.0,16.5,0.0,0.0,0.0,0.0,0.0,5.0,0.0,0.0,0.0,0.0,0.0,0.0,0.0,0.0,0.5,0.5,0.0,0.5,0.5,0.0,0.0,0.0,0.0,4.0,0.0,0.0,2.5,0.0,0.5,0.0,1.5,0.0,0.0,0.0,0.5,0.0,1.5,0.0,0.0,0.0,0.0,2.0,57.5,1.0
2.0,0.0,0.0,0.0,4.0,0.0,0.5,0.0,1.0,0.0,0.0,0.0,2.5,0.5,11.0,1.5,0.0,0.0,0.0,0.5,0.0,2.0,0.5,0.5,0.0,0.0,0.0,0.0,0.0,0.0,0.5,0.0,1.5,1.5,0.0,0.0,0.0,0.0,1.5,0.5,0.0,7.0,0.0,0.0,0.0,0.0,0.0,0.0,0.0,3.0,0.0,2.5,0.0,0.5,0.0,1.0,1.5,52.5,0.0
12.0,0.0,0.0,2.5,4.5,0.0,0.0,0.0,0.0,0.0,0.0,0.5,1.0,0.5,8.0,2.5,0.0,0.5,0.0,0.0,1.0,0.0,0.0,0.0,2.0,0.0,0.0,0.0,0.0,0.0,0.0,0.0,0.0,0.5,0.0,0.0,0.0,0.0,0.0,0.0,0.0,7.5,0.0,0.0,0.0,0.0,0.0,0.0,0.0,6.0,0.0,2.0,0.0,2.5,0.0,3.0,0.0,43.5,0.0
0.0,0.505050505,0.0,1.515151515,1.01010101,0.0,0.505050505,0.0,0.0,0.0,0.0,1.01010101,0.505050505,0.0,23.73737374,0.0,0.0,1.01010101,0.0,0.0,1.01010101,0.0,0.0,0.0,1.01010101,0.0,0.0,0.0,0.0,0.505050505,0.0,0.0,0.0,0.505050505,0.0,0.0,0.0,0.0,1.01010101,0.0,0.0,4.545454545,0.0,0.505050505,0.0,0.0,0.0,0.0,0.0,1.515151515,0.0,2.02020202,0.0,0.0,0.0,0.505050505,1.515151515,54.54545455,1.01010101
12.0,0.5,0.0,0.0,0.0,0.0,2.0,0.0,0.5,0.0,0.0,1.0,1.5,1.0,9.0,2.0,0.0,0.0,0.0,2.0,1.0,0.0,0.0,0.0,0.0,0.0,0.0,0.0,0.0,0.0,0.0,0.0,0.5,1.5,0.0,0.0,0.0,0.0,1.5,0.0,0.0,4.0,0.0,0.0,0.0,0.0,0.0,0.0,0.0,0.5,0.0,0.5,0.0,1.5,0.0,0.5,0.5,56.5,0.0
4.5,0.0,0.0,2.5,4.5,0.5,0.5,0.0,0.0,0.0,0.0,0.0,1.5,0.5,21.5,0.0,0.0,0.0,0.0,0.0,2.5,0.0,0.0,0.0,0.0,0.0,0.0,0.0,0.0,0.0,1.0,1.0,0.0,1.0,0.0,0.0,0.0,0.0,1.5,1.5,0.0,2.0,0.0,0.5,0.0,0.0,0.0,0.0,0.0,2.5,0.0,2.5,0.0,1.0,0.5,2.5,0.5,43.5,0.0
4.5,0.0,0.0,0.0,0.5,0.0,1.0,0.5,1.5,0.0,0.0,0.0,5.0,0.5,16.0,1.0,0.0,0.0,0.0,0.0,2.5,0.0,0.0,0.0,0.0,0.0,0.0,0.0,0.0,0.0,0.0,0.5,0.0,1.0,0.0,0.0,0.0,0.0,2.0,0.0,0.0,4.0,1.0,1.0,0.0,0.0,0.0,0.0,0.0,2.0,0.0,1.0,0.0,1.0,0.0,0.0,1.0,52.5,0.0
0.0,0.0,0.0,0.0,0.5,0.0,3.5,0.0,0.0,0.0,0.0,0.0,1.0,0.5,22.5,0.5,0.0,0.5,0.0,0.0,3.0,0.0,0.0,0.0,0.0,0.0,0.0,0.0,0.0,0.5,0.0,0.0,1.0,0.0,0.0,0.0,0.0,0.0,0.0,0.0,0.0,1.0,0.0,0.0,0.0,0.5,0.0,0.0,0.0,0.5,0.0,1.0,0.0,2.5,0.0,0.0,3.5,57.5,0.0
0.5,1.5,1.0,3.0,1.5,0.0,2.0,0.0,2.0,0.0,0.0,0.5,1.5,2.0,15.5,0.0,0.0,0.5,0.0,1.0,0.5,0.0,0.5,0.0,0.0,0.0,0.5,0.0,0.0,2.0,1.0,0.0,1.0,0.0,0.0,0.5,0.0,0.0,0.0,0.0,2.5,2.5,0.0,0.0,0.0,0.0,0.0,0.0,0.5,0.5,0.0,2.0,0.0,0.0,0.0,0.0,0.0,53.5,0.0
3.0,0.0,0.0,1.5,4.0,0.0,1.5,0.0,3.5,0.0,0.0,0.5,2.0,0.0,19.5,0.0,0.0,0.0,0.0,0.0,8.5,0.0,0.0,0.0,0.0,0.0,0.0,0.0,0.0,0.5,1.5,0.0,1.5,2.5,0.0,0.0,0.0,0.0,0.0,0.0,0.0,2.5,0.5,1.5,0.0,0.0,0.0,0.0,0.0,3.0,0.0,0.5,0.0,0.0,0.0,2.0,1.5,38.0,0.5
20.0,0.0,0.0,0.0,0.0,0.0,0.0,0.0,0.0,0.0,0.0,0.0,0.5,1.0,6.5,0.0,0.0,0.0,0.0,0.0,0.0,0.0,0.5,0.0,0.0,0.0,0.0,0.0,0.0,0.0,0.5,0.0,0.0,1.0,0.0,0.0,0.0,0.0,4.5,0.0,0.0,0.0,0.0,1.5,0.0,0.0,0.0,0.0,0.0,0.0,0.0,1.0,0.0,1.0,0.0,0.0,1.0,60.0,1.0
2.551020408,0.0,0.0,0.0,3.571428571,0.510204082,0.0,0.0,0.0,0.0,0.0,0.510204082,0.0,0.0,26.53061224,4.081632653,0.0,0.0,0.0,0.0,0.0,0.0,0.0,0.0,0.0,0.0,0.0,0.0,0.0,0.510204082,0.0,0.0,2.551020408,0.0,0.0,0.0,0.0,0.0,3.06122449,0.0,0.510204082,1.530612245,0.0,1.020408163,0.0,0.510204082,0.0,0.0,0.0,0.0,0.0,3.06122449,0.0,0.510204082,0.0,0.0,0.510204082,47.95918367,0.510204082
0.0,1.470588235,0.0,0.980392157,0.490196078,0.0,0.0,0.0,0.490196078,0.0,0.0,0.490196078,0.980392157,0.490196078,24.01960784,0.980392157,0.0,0.0,0.0,0.0,0.490196078,0.0,0.0,0.0,3.431372549,0.0,0.0,0.0,0.490196078,0.0,0.0,0.0,0.0,1.470588235,0.0,0.0,0.0,0.0,2.941176471,0.0,0.980392157,2.450980392,0.490196078,0.0,0.0,0.0,0.0,0.0,0.490196078,0.490196078,1.470588235,0.490196078,0.0,0.0,0.0,0.0,0.490196078,53.43137255,0.0
0.0,1.0,0.5,1.0,0.0,0.0,0.5,0.0,0.0,0.0,0.0,0.0,3.0,0.0,9.0,0.0,0.0,0.0,0.0,1.0,0.0,0.0,0.0,0.0,0.0,0.0,0.0,0.0,0.0,0.5,0.0,0.0,0.0,1.5,0.0,0.0,0.0,0.0,3.5,0.0,0.5,3.0,0.0,0.5,0.0,0.0,0.0,0.0,0.0,0.0,0.0,1.0,0.0,0.0,0.5,0.0,3.0,69.5,0.5
1.538461538,1.538461538,1.538461538,0.0,1.538461538,0.0,0.512820513,0.512820513,0.512820513,0.0,0.0,1.025641026,1.025641026,0.512820513,10.76923077,0.512820513,0.0,0.0,0.0,0.0,1.025641026,0.512820513,0.0,0.0,0.0,0.0,0.0,0.0,0.0,0.0,0.0,0.0,0.512820513,0.512820513,0.0,0.0,0.0,0.0,7.179487179,1.538461538,0.0,5.128205128,0.0,2.051282051,0.0,0.0,0.0,0.0,0.0,1.025641026,0.0,1.025641026,0.0,1.025641026,0.512820513,0.0,1.538461538,54.87179487,0.0
7.035175879,0.0,0.0,0.0,0.0,0.0,2.010050251,0.0,0.0,0.0,0.0,1.005025126,0.0,0.502512563,9.045226131,0.502512563,0.502512563,0.502512563,0.0,0.0,2.512562814,0.0,0.0,1.005025126,0.0,0.0,0.0,0.0,0.0,1.005025126,0.502512563,0.502512563,0.502512563,1.507537688,0.0,0.0,0.502512563,0.0,2.010050251,0.502512563,0.0,3.015075377,0.0,0.0,0.0,0.0,0.0,0.0,0.0,0.0,4.020100503,1.005025126,0.0,1.005025126,0.0,0.0,1.005025126,57.78894472,0.502512563
3.5,0.5,0.0,1.0,1.5,0.5,0.0,0.0,0.5,0.0,0.0,1.0,1.0,1.5,1.0,3.5,0.5,0.0,0.0,0.0,0.5,0.0,0.5,0.0,0.0,0.0,0.0,0.5,0.0,0.0,0.5,0.0,0.5,1.5,0.0,0.0,0.0,0.0,5.5,0.0,1.0,5.5,0.0,0.5,0.0,1.0,0.0,0.0,0.0,0.0,0.5,1.0,0.0,2.5,0.0,0.5,1.0,61.0,0.0
13.0,0.0,0.0,0.0,2.0,0.0,0.0,0.5,0.0,0.0,0.0,0.5,2.0,1.5,7.5,1.0,0.0,0.5,0.0,0.0,0.0,0.0,0.0,0.5,0.0,0.0,0.0,0.5,0.0,0.0,0.5,0.5,0.0,1.0,0.0,0.0,0.0,0.0,3.0,0.5,0.0,1.5,0.0,1.5,0.0,0.5,0.0,0.0,0.0,0.0,0.5,1.5,0.0,2.0,1.5,0.0,1.0,54.5,0.5
7.5,0.0,0.0,3.5,0.0,0.0,0.0,0.0,0.0,0.0,0.0,0.0,2.0,1.0,6.5,0.0,0.0,0.0,0.0,0.0,0.0,0.0,0.0,0.0,0.0,0.0,0.0,0.0,0.0,0.0,0.0,0.0,1.0,1.5,0.0,0.0,0.0,0.0,11.5,0.0,2.0,3.0,0.0,2.0,0.0,0.0,0.0,0.0,0.0,0.0,1.0,0.0,0.0,0.0,0.0,0.0,1.0,56.5,0.0
13.0,0.5,0.5,1.0,0.5,0.0,0.0,0.0,0.0,0.0,0.0,0.0,4.0,1.5,7.5,0.0,0.0,0.0,0.0,0.5,0.0,0.0,0.0,0.5,0.0,0.0,0.0,0.0,0.0,0.0,0.0,0.0,0.5,1.5,0.0,0.0,0.0,0.0,2.5,0.0,1.5,2.0,0.0,0.5,0.0,0.0,0.0,0.0,0.0,3.5,0.0,0.0,0.0,0.0,0.0,0.0,0.0,58.5,0.0
0.5,0.5,1.5,1.0,4.5,0.0,3.5,0.0,1.0,0.0,0.0,1.5,2.0,2.0,14.5,0.5,0.0,1.0,0.0,0.0,0.0,0.0,0.0,0.0,0.0,0.0,0.0,0.0,0.0,0.0,0.0,0.0,0.0,0.5,0.0,0.0,0.0,0.0,6.0,1.0,2.5,4.0,0.0,0.5,0.0,1.5,0.0,0.0,0.0,0.5,0.0,4.0,0.0,1.0,0.0,0.0,2.0,42.0,0.5
1.5,0.0,0.5,2.0,0.5,0.0,2.5,0.0,0.5,0.0,0.0,0.5,3.5,2.0,12.5,2.0,0.0,0.5,0.0,0.0,2.5,0.0,0.5,0.5,0.5,0.0,0.0,0.0,0.0,0.0,0.5,0.5,3.0,3.0,0.0,0.0,0.0,0.0,0.0,0.5,1.5,6.0,0.0,2.0,0.0,0.0,0.0,0.0,0.0,0.0,0.0,2.0,0.0,0.5,0.0,0.5,1.5,46.0,0.0
0.0,0.0,0.502512563,0.0,1.507537688,0.0,2.010050251,0.0,0.502512563,0.0,0.0,0.502512563,2.512562814,1.507537688,23.61809045,2.010050251,0.0,0.502512563,0.0,0.0,1.507537688,0.0,0.502512563,0.502512563,0.0,0.0,0.0,0.0,0.0,0.502512563,0.502512563,0.0,0.502512563,0.502512563,0.0,0.0,0.0,0.0,0.502512563,0.0,1.507537688,3.015075377,0.0,0.0,0.0,0.0,0.0,0.0,1.507537688,0.0,0.0,1.005025126,0.0,0.0,0.0,0.0,1.507537688,51.25628141,0.0
0.0,0.502512563,0.0,5.025125628,0.0,0.0,0.502512563,0.0,1.507537688,0.0,0.0,2.010050251,2.512562814,0.502512563,13.5678392,0.0,0.0,1.005025126,0.0,0.0,4.020100503,0.502512563,0.0,0.0,0.502512563,0.0,0.0,0.0,0.0,0.0,0.502512563,0.0,0.0,2.512562814,0.0,0.0,0.0,0.0,2.512562814,0.0,0.0,5.025125628,0.502512563,2.512562814,0.0,0.0,0.0,0.0,0.0,0.0,0.502512563,1.005025126,0.0,0.0,0.0,0.0,1.005025126,51.75879397,0.0
0.0,0.0,0.0,2.5,2.5,0.0,0.5,0.0,0.5,0.0,0.0,0.5,5.0,1.5,6.5,3.5,0.0,0.0,0.0,0.0,7.5,0.0,0.0,1.0,0.0,0.0,0.0,0.0,0.5,0.0,0.0,1.0,0.5,2.0,0.0,0.5,0.5,0.0,1.5,0.5,0.0,4.0,0.0,2.0,0.0,0.0,0.0,0.0,0.0,1.5,2.5,3.0,0.0,0.5,0.0,1.5,2.0,44.5,0.0
8.0,0.0,0.5,1.0,4.0,0.0,0.0,0.0,0.0,0.0,0.0,0.5,2.5,0.5,8.5,5.5,0.0,0.0,0.0,1.5,0.0,0.0,0.5,0.5,0.0,0.0,0.0,0.0,0.0,0.0,0.0,0.5,0.0,0.0,0.0,0.0,0.0,0.0,5.0,1.0,0.0,1.0,0.0,0.0,0.0,0.5,0.0,0.0,0.0,0.0,0.0,0.0,0.0,4.0,0.0,0.0,0.5,53.0,1.0
2.5,0.0,0.0,0.0,3.0,0.0,0.0,0.0,0.0,0.0,0.0,0.0,1.5,0.5,22.0,0.5,0.0,0.0,0.0,0.0,5.5,0.0,0.0,0.0,0.0,0.0,0.0,0.0,0.0,0.0,0.5,0.0,3.0,0.0,0.0,0.0,0.0,0.0,6.0,0.0,0.0,1.5,0.0,1.0,0.0,0.0,0.0,0.0,0.0,0.5,0.0,1.5,0.0,1.0,0.0,0.0,0.0,48.5,1.0
0.502512563,0.502512563,0.0,5.527638191,0.502512563,0.0,0.0,0.0,0.502512563,0.0,0.0,0.0,0.502512563,0.0,21.10552764,0.0,0.0,0.0,0.0,0.0,1.005025126,0.0,0.0,0.0,1.005025126,0.0,0.0,0.0,0.0,0.0,0.0,0.0,0.502512563,1.507537688,0.0,0.0,1.005025126,0.0,1.507537688,0.0,1.005025126,4.522613065,0.502512563,0.0,0.0,0.0,0.0,0.0,0.0,0.0,0.502512563,1.507537688,0.0,1.507537688,0.0,0.0,3.015075377,51.75879397,0.0
0.5,0.0,0.0,0.5,4.0,0.0,0.0,0.0,0.0,0.0,0.0,0.5,2.5,0.0,11.0,2.0,0.0,0.0,0.0,0.0,0.0,0.0,0.5,0.0,0.5,0.0,0.5,0.0,0.0,1.0,0.5,0.0,0.5,1.0,0.0,0.0,0.0,0.0,7.0,0.0,0.5,2.5,0.0,0.0,0.0,0.5,0.0,0.0,0.0,0.5,0.5,0.0,0.0,1.0,0.0,0.0,1.5,59.5,1.0
1.0,0.0,0.0,3.0,4.5,0.0,0.5,0.0,0.5,0.0,0.0,0.5,1.5,0.0,20.0,0.0,0.0,1.0,0.0,0.0,0.0,0.0,0.0,0.5,0.0,0.0,0.0,0.0,0.0,0.0,0.5,0.0,0.0,0.5,0.0,0.0,0.0,0.0,6.0,0.0,0.0,3.0,0.0,0.5,0.0,0.0,0.0,0.0,0.0,0.0,0.5,0.5,0.0,0.0,0.0,0.5,1.5,53.5,0.0
8.5,0.5,0.5,0.0,5.5,0.0,0.5,0.0,0.0,0.0,0.5,0.5,0.5,0.5,13.5,0.0,0.5,0.5,0.0,0.0,7.0,0.5,0.0,0.0,0.0,0.0,0.0,0.0,0.0,0.5,0.0,0.0,0.0,2.0,0.0,0.0,0.0,0.0,2.0,0.0,2.5,2.5,0.0,0.5,0.0,0.5,0.0,0.0,0.0,2.0,0.0,0.5,0.0,0.0,0.0,0.0,1.0,46.5,0.0
2.512562814,0.0,0.0,0.502512563,1.507537688,0.0,0.0,0.0,0.0,0.0,0.0,1.507537688,1.507537688,1.005025126,9.547738693,1.005025126,0.0,0.0,0.0,0.0,0.0,1.507537688,1.005025126,0.0,0.0,0.0,0.0,0.0,0.0,0.0,0.502512563,1.507537688,0.502512563,1.005025126,0.0,0.0,0.0,0.0,0.0,0.0,0.0,8.542713568,0.0,1.005025126,0.0,2.010050251,0.0,0.0,0.0,0.0,0.0,1.507537688,0.0,1.507537688,0.0,0.0,2.010050251,58.29145729,0.0
10.0,0.0,0.0,2.0,2.5,0.0,0.0,0.0,0.0,0.0,0.0,2.0,2.0,1.5,15.0,3.0,0.0,0.0,0.0,0.0,2.5,0.5,0.5,0.0,0.0,0.0,0.0,1.0,0.5,0.0,0.0,0.0,0.0,0.5,0.0,0.0,0.0,0.0,2.5,1.0,0.5,1.0,0.5,3.0,0.0,0.0,0.0,0.0,0.0,0.5,0.0,0.5,0.0,4.0,0.0,0.0,1.0,42.0,0.0
4.5,1.0,0.0,1.5,11.5,0.0,0.0,0.5,0.0,0.0,0.0,0.5,1.5,1.0,7.0,1.5,0.0,0.0,0.0,0.0,0.0,0.0,0.0,0.0,0.0,0.0,0.0,0.0,0.0,0.5,1.5,0.0,0.5,2.5,0.0,0.0,0.0,0.0,6.0,0.0,0.0,5.5,0.0,1.5,0.0,0.0,0.0,0.0,0.0,3.5,0.5,1.0,0.0,0.5,0.0,1.5,0.0,44.5,0.0
10.5,0.0,0.0,0.0,1.0,0.0,0.0,0.0,0.0,0.0,0.0,0.0,1.0,1.0,10.5,0.5,0.0,0.5,0.0,0.0,0.5,0.0,0.0,0.5,1.0,0.0,0.0,0.0,0.0,1.0,0.5,0.0,0.0,1.0,0.0,0.0,0.0,0.0,1.5,0.0,0.0,2.5,0.0,5.0,0.0,0.5,0.0,0.5,0.0,0.0,0.0,2.5,0.0,1.0,0.0,0.0,4.5,52.5,0.0
2.0,0.0,0.0,3.0,3.5,0.0,0.0,0.5,1.0,0.0,0.0,0.0,0.5,0.0,22.0,0.5,0.0,0.5,0.0,0.0,0.5,0.0,0.0,0.5,0.0,0.5,0.0,0.0,0.0,0.0,0.0,0.0,1.0,1.5,0.0,0.0,0.0,0.0,9.0,0.5,0.5,3.0,0.5,2.0,0.0,0.0,0.0,0.0,0.5,0.0,0.0,1.0,0.0,2.0,0.0,0.0,1.5,42.0,0.0
0.5,0.5,0.0,0.5,5.5,0.0,0.0,0.0,0.0,0.0,0.0,1.0,4.0,2.0,10.5,1.5,0.0,1.5,0.0,0.5,0.0,0.0,1.0,2.0,0.5,0.0,0.0,0.0,0.0,0.0,0.5,0.0,3.5,2.0,0.0,0.0,0.0,0.0,0.5,0.0,0.0,8.0,0.5,4.0,0.0,0.0,0.0,0.0,0.0,0.0,0.5,1.5,0.0,0.0,0.0,0.0,1.5,46.0,0.0
0.0,0.0,0.0,0.0,4.0,0.0,1.0,0.0,1.0,0.0,0.0,0.0,2.5,1.0,10.0,0.5,0.0,0.0,0.0,0.0,3.0,0.0,0.0,0.0,0.5,0.0,0.0,0.0,0.0,0.0,1.0,0.5,2.0,2.5,0.0,0.0,2.0,0.0,1.5,0.0,0.0,4.0,0.0,0.0,0.0,0.0,0.0,0.0,0.0,2.0,0.0,0.0,0.0,0.0,0.0,0.5,2.5,58.0,0.0
2.0,0.5,0.0,4.5,1.5,0.0,0.0,0.0,0.5,0.0,0.0,3.0,3.0,5.0,15.0,0.5,0.0,0.0,0.0,0.0,1.5,0.5,0.0,1.0,0.5,0.0,0.0,0.0,0.0,0.5,0.0,0.0,1.0,3.0,0.0,0.0,1.0,0.0,4.5,0.0,0.5,5.0,2.0,0.5,0.0,0.5,0.0,0.0,0.0,0.0,0.0,2.5,0.0,0.0,0.0,0.0,0.5,39.5,0.0
2.0,1.0,0.0,0.0,4.0,0.0,0.5,0.0,0.5,0.0,0.0,0.5,3.0,0.5,15.0,2.0,0.0,1.5,0.0,0.0,8.5,0.0,2.0,1.5,0.5,0.0,0.0,0.0,0.0,0.0,0.5,0.0,0.5,2.0,0.0,0.5,1.0,0.0,2.0,0.0,0.0,2.0,1.0,1.0,0.0,0.5,0.0,0.5,0.0,0.0,0.0,3.0,0.0,0.5,0.0,0.0,2.0,40.0,0.0
4.5,0.0,0.0,0.0,1.0,0.0,0.0,0.0,0.0,0.0,0.0,0.0,1.0,0.5,11.0,1.0,0.0,0.0,0.0,0.5,0.0,1.0,0.5,0.0,0.0,0.0,0.0,0.0,0.0,0.0,0.0,0.0,0.0,1.0,0.0,0.0,0.0,0.0,3.0,0.0,0.0,2.5,0.0,1.0,0.0,0.0,0.0,0.0,0.0,0.0,0.5,1.0,0.0,1.0,0.0,0.0,2.0,67.0,0.0
3.0,0.0,0.0,0.0,1.5,0.0,0.0,0.0,0.0,0.0,0.0,0.0,0.5,0.0,22.5,0.5,0.0,0.5,0.0,0.0,0.0,0.0,0.0,0.0,0.0,0.0,0.0,0.0,0.0,0.0,0.0,0.0,3.5,0.5,0.0,0.0,0.0,0.0,3.5,1.5,0.0,3.0,0.0,0.5,0.0,0.0,0.0,0.0,0.0,0.0,0.0,2.0,0.0,1.0,0.0,0.0,2.0,53.5,0.5
1.5,1.0,0.0,0.5,6.5,0.0,0.5,0.0,0.0,0.0,0.0,0.0,3.5,0.5,25.0,0.5,0.0,0.0,0.0,0.0,2.5,0.0,0.0,0.0,3.0,0.0,0.0,0.0,0.0,0.0,0.0,0.0,0.5,1.0,0.0,0.0,0.0,0.0,6.0,0.0,3.0,2.0,0.0,0.5,0.0,0.0,0.0,0.0,0.0,0.0,0.0,0.0,0.0,0.5,0.0,0.0,3.0,38.0,0.5
0.0,0.5,0.0,1.0,2.0,0.0,0.0,1.0,0.0,0.0,0.0,0.5,4.0,1.5,17.0,2.5,0.0,0.0,0.0,0.5,0.5,0.0,0.5,0.0,0.5,0.0,0.5,0.0,0.0,0.0,0.0,0.0,0.5,1.0,0.0,0.0,0.0,0.0,2.5,0.0,0.5,4.0,0.0,3.0,0.0,0.0,0.0,0.0,0.0,0.0,0.0,1.0,0.0,0.5,0.0,0.5,1.5,52.0,0.5
2.0,0.0,0.5,2.5,1.5,0.0,0.5,0.0,0.5,0.0,0.0,0.5,0.0,0.0,10.0,1.5,0.0,1.0,0.0,0.5,0.0,1.5,0.0,0.0,0.0,0.0,0.0,0.0,0.0,0.0,0.0,0.0,0.0,1.0,0.0,0.0,1.0,0.0,5.5,0.0,0.5,5.0,0.0,2.0,0.0,0.0,0.0,0.0,0.5,1.5,1.0,1.0,0.0,0.5,0.0,0.5,3.0,54.5,0.0
3.5,0.0,1.5,1.0,3.5,0.5,1.0,0.0,0.0,0.0,0.0,1.5,1.5,1.5,13.5,0.5,0.0,1.0,0.0,0.0,3.5,0.5,0.0,0.0,0.0,0.0,0.5,0.0,0.0,0.0,1.5,0.5,0.5,2.5,0.0,0.0,2.0,0.0,3.0,0.0,0.5,3.5,0.5,0.5,0.0,1.5,0.0,0.0,0.0,0.5,0.5,0.0,0.0,0.0,0.0,0.0,2.5,45.0,0.0
6.0,0.5,0.0,0.5,1.0,0.0,0.0,0.0,0.0,0.0,0.0,2.5,1.0,0.0,12.0,3.0,0.0,0.5,0.0,0.0,1.0,2.0,1.0,0.5,0.0,0.0,0.0,0.0,0.0,0.0,1.0,0.5,0.0,0.5,0.0,0.0,0.0,0.0,6.0,0.0,0.0,8.0,0.0,1.5,0.0,1.5,0.0,0.0,0.0,0.0,0.0,3.0,0.0,1.5,0.0,0.0,1.5,43.0,0.5
3.5,0.5,0.5,1.5,2.5,0.0,0.0,0.0,2.0,0.0,0.0,2.0,2.5,3.0,6.5,4.0,0.0,0.0,0.0,0.0,0.0,0.5,0.5,0.0,0.0,0.0,0.0,0.0,0.0,0.0,0.0,0.0,0.0,1.0,0.0,0.0,0.0,0.0,5.0,0.0,0.0,5.5,0.0,1.5,0.0,0.0,0.0,0.0,0.0,0.0,0.5,2.5,0.0,1.0,0.0,0.0,2.5,51.0,0.0
0.0,0.0,0.5,1.0,0.5,0.0,0.5,0.0,0.0,0.0,0.0,0.0,3.0,0.0,16.0,0.0,0.0,0.5,0.0,0.0,1.0,0.0,0.0,0.5,1.0,0.0,0.0,0.0,0.0,0.0,0.0,0.0,2.0,0.5,0.0,0.0,0.0,0.0,8.5,0.0,0.5,5.5,0.0,0.5,0.0,0.5,0.0,0.0,0.0,0.5,0.5,2.0,0.0,1.5,0.0,0.0,0.0,53.0,0.0
9.5,0.0,0.5,1.0,3.5,0.0,0.0,0.0,0.0,0.0,0.0,1.0,3.5,1.0,9.5,1.5,0.0,0.5,0.0,0.0,0.5,0.0,0.0,0.0,0.0,0.0,0.0,0.5,0.0,0.0,0.0,0.0,0.0,0.0,0.0,0.0,0.0,0.0,5.5,0.0,0.0,3.5,0.0,1.5,0.0,1.5,0.0,0.0,0.0,0.0,0.0,0.0,0.0,4.5,0.0,0.0,2.0,48.5,0.5
2.0,0.0,0.0,0.0,7.0,0.0,0.0,0.0,0.5,0.0,0.0,1.0,2.0,1.5,12.0,2.0,0.0,0.5,0.0,0.0,3.5,0.0,0.0,0.5,0.0,0.0,0.0,0.0,0.0,0.0,0.0,0.0,0.0,2.0,0.0,0.0,0.0,0.0,10.5,3.0,0.0,4.5,0.0,2.5,0.0,0.0,0.0,0.0,0.0,0.0,0.0,1.5,0.0,2.0,0.0,0.0,0.0,41.5,0.0
0.5,1.0,0.5,4.5,3.0,0.0,0.5,0.0,1.0,0.0,0.0,1.0,6.0,0.0,17.0,0.5,0.0,1.0,0.0,0.5,0.0,0.0,1.5,1.0,0.5,0.0,0.0,0.0,0.0,0.0,1.0,0.5,0.5,1.5,0.0,0.0,0.0,0.0,4.5,1.0,1.0,3.0,0.5,2.5,0.0,0.0,0.0,0.0,0.0,0.5,1.5,0.0,0.0,1.0,0.0,0.0,4.0,37.0,0.0
0.5,0.0,0.0,1.0,1.5,0.0,1.0,0.0,0.5,0.0,0.0,0.0,2.5,0.5,20.5,0.5,0.0,1.0,0.0,0.5,0.0,0.0,0.0,0.5,0.0,0.0,0.0,0.0,0.0,0.5,1.0,0.0,0.5,1.0,0.0,0.0,1.0,0.0,6.5,0.0,1.0,3.0,0.0,0.0,0.0,0.0,0.0,0.0,0.0,0.0,0.0,1.0,0.0,0.0,0.0,0.0,1.5,52.0,0.5
0.0,0.502512563,0.0,4.522613065,5.527638191,0.0,0.0,0.0,1.005025126,0.0,0.0,0.502512563,2.512562814,1.005025126,17.5879397,2.010050251,0.0,0.0,0.0,0.0,2.512562814,0.0,1.507537688,1.005025126,0.502512563,0.0,1.005025126,0.0,0.0,0.0,2.010050251,0.0,0.0,1.507537688,0.502512563,0.0,0.0,0.502512563,6.532663317,0.0,0.502512563,10.05025126,0.502512563,1.005025126,0.0,0.0,0.0,0.0,0.0,0.0,0.0,1.005025126,0.0,0.0,0.0,0.0,2.010050251,32.16080402,0.0
1.0,0.5,0.0,2.0,8.0,0.0,0.0,0.0,0.5,0.0,0.0,1.0,2.0,3.0,21.0,6.5,0.0,1.5,0.0,0.0,6.5,0.0,2.0,0.0,0.0,0.0,0.0,0.0,0.0,0.0,1.0,0.0,0.5,1.5,0.0,0.0,0.0,0.0,3.0,0.0,1.0,4.0,0.5,0.0,0.0,0.0,0.0,0.0,0.0,0.0,0.0,0.0,0.0,0.0,0.0,0.0,4.5,27.5,1.0
6.0,0.0,0.0,0.5,3.0,0.0,0.0,0.0,0.0,0.0,0.0,0.0,2.0,0.5,15.5,0.0,0.0,0.0,0.0,0.0,0.0,0.0,0.5,0.0,0.5,0.0,0.0,0.0,0.0,0.5,0.0,0.0,0.0,0.0,0.0,0.0,0.0,0.0,5.5,0.0,0.0,1.0,0.0,1.0,0.0,0.0,0.0,0.5,0.0,0.5,2.5,0.5,0.0,1.0,0.0,0.0,2.0,56.5,0.0
1.5,0.0,0.0,0.5,4.0,0.0,0.5,0.0,0.0,0.0,0.0,0.0,1.0,1.0,26.5,2.5,0.0,0.0,0.0,0.0,6.5,0.0,0.0,0.0,0.0,0.0,0.0,0.0,0.0,0.5,0.5,0.0,0.0,1.0,0.0,0.0,0.0,0.0,5.5,0.0,0.0,2.5,0.0,0.5,0.0,0.0,0.0,0.5,0.0,0.0,3.0,1.0,0.0,0.0,0.0,0.5,0.5,40.0,0.0
2.5,0.0,0.5,0.5,3.0,0.0,0.5,0.0,0.5,0.0,0.0,0.5,1.0,0.5,28.0,0.0,0.0,0.0,0.0,0.0,2.5,0.0,0.0,0.5,4.0,0.0,0.0,0.5,0.0,0.0,0.0,0.0,0.0,1.5,0.0,0.0,1.0,0.0,2.0,0.0,1.5,2.5,0.0,0.5,0.0,0.0,0.0,0.0,0.0,0.5,1.0,1.0,0.0,0.0,0.5,0.0,2.5,40.0,0.5
0.5,0.0,0.5,0.0,6.5,0.0,0.0,0.0,0.0,0.0,0.0,1.0,1.5,1.0,14.0,0.0,0.0,0.0,0.0,0.0,0.0,0.0,0.0,0.0,0.5,0.0,0.0,0.0,0.0,0.0,0.0,0.5,0.0,2.5,0.0,0.0,0.0,0.0,8.5,0.0,0.5,5.0,0.0,0.5,0.0,0.0,0.0,0.0,0.0,0.0,1.0,0.0,0.0,0.0,0.0,0.0,2.0,53.0,1.0
0.0,0.0,0.0,0.0,3.0,0.0,0.0,0.0,0.5,0.0,0.0,0.5,3.0,1.0,16.5,0.0,0.0,0.5,0.5,0.0,0.0,1.0,0.0,0.0,0.0,0.0,0.0,0.0,0.0,0.5,0.5,0.5,0.0,1.5,0.0,0.0,0.0,0.0,5.0,0.0,0.0,1.5,0.0,0.0,0.0,0.5,0.0,1.0,0.0,0.0,5.0,0.5,0.0,0.0,0.5,0.5,2.5,53.0,0.5
7.5,1.5,1.0,0.0,8.0,0.0,0.0,0.0,0.0,0.0,0.0,2.0,4.5,2.0,13.5,0.5,0.0,0.0,0.0,0.5,7.0,1.0,0.0,0.0,0.0,0.0,2.5,0.0,0.0,0.0,0.5,0.5,0.0,2.5,0.0,0.5,2.0,0.0,0.5,0.0,1.0,2.5,0.5,1.0,0.0,0.5,0.0,0.5,0.0,0.0,0.0,1.0,0.0,0.0,0.0,0.0,6.0,29.0,0.0
0.5,0.5,0.0,1.0,3.0,0.0,0.5,0.0,0.5,0.0,0.0,1.0,6.0,1.0,10.5,3.0,0.0,0.5,0.0,0.5,0.0,0.5,0.5,0.0,0.0,0.0,0.0,0.5,0.0,0.0,1.0,0.0,0.5,1.0,0.0,0.0,0.0,0.0,5.5,0.0,0.5,4.5,0.0,2.5,0.0,3.0,0.0,0.0,0.0,0.0,1.0,1.5,0.0,4.5,1.0,0.0,1.5,42.0,0.0
9.0,0.0,0.0,2.0,3.5,0.0,0.0,0.0,0.0,0.0,0.0,0.5,2.5,3.0,11.5,5.5,0.0,0.0,0.0,0.0,0.0,2.5,0.0,0.0,0.0,0.0,0.0,0.5,0.0,0.0,1.0,0.0,0.5,0.5,0.0,0.0,0.0,0.0,4.5,1.5,0.0,9.0,0.0,2.0,0.0,0.5,0.0,0.0,0.0,0.0,0.0,2.5,0.0,2.5,0.0,0.5,0.5,34.0,0.0
0.0,2.0,1.0,3.0,4.0,0.0,0.0,0.0,0.0,0.0,0.0,0.5,1.5,1.0,16.0,2.0,0.0,0.0,0.0,0.0,0.0,0.0,0.5,0.0,0.0,0.0,0.0,0.0,0.0,0.0,0.5,0.0,2.0,0.5,0.0,0.0,0.0,0.0,9.5,0.0,1.0,5.0,0.0,1.5,0.0,0.0,0.0,0.0,0.0,0.0,0.5,1.0,0.0,1.0,0.0,0.5,2.0,43.5,0.0
19.09547739,0.0,0.0,1.507537688,0.502512563,0.0,0.0,0.0,0.502512563,0.0,0.0,0.0,1.005025126,0.502512563,14.57286432,3.51758794,0.0,0.0,0.0,0.0,2.512562814,0.0,0.0,0.0,0.502512563,0.0,0.0,0.0,0.0,0.0,0.0,0.0,0.0,1.005025126,0.0,0.0,0.0,0.0,4.522613065,0.0,0.0,7.537688442,0.0,0.502512563,0.0,0.0,0.0,1.005025126,0.0,0.0,2.010050251,2.512562814,0.0,2.512562814,0.0,0.0,0.502512563,33.66834171,0.0
2.5,1.0,0.0,1.0,7.0,0.0,0.0,0.0,3.5,0.0,0.0,1.0,2.0,0.5,18.0,1.5,0.0,0.0,0.0,0.0,3.5,0.5,0.0,0.0,0.0,0.0,0.0,0.0,0.0,0.0,0.0,0.0,0.0,2.0,0.0,0.0,0.0,0.0,7.5,3.5,0.0,1.5,0.0,1.0,0.0,0.5,0.0,0.0,0.0,0.0,0.0,1.0,0.0,0.5,0.5,0.0,1.0,38.5,0.5
0.5,0.0,0.5,4.0,1.0,0.0,0.5,0.0,0.0,0.0,0.0,2.0,3.0,1.5,18.5,0.0,0.0,1.5,0.0,0.0,1.0,0.0,0.5,0.0,0.0,0.0,0.0,0.0,0.0,0.0,0.5,0.5,0.0,3.0,0.0,0.0,0.0,0.0,7.0,0.0,1.0,7.5,0.0,4.0,0.0,0.5,0.0,0.0,0.0,0.0,1.5,0.5,0.0,0.0,0.0,0.0,2.5,36.5,0.5
0.5,0.0,0.5,1.0,9.5,0.0,0.0,0.0,3.0,0.0,0.0,0.5,1.5,1.0,17.0,0.5,0.0,0.5,0.0,0.0,0.5,0.0,0.0,0.0,0.5,0.0,0.0,0.0,0.0,0.0,1.0,0.0,0.5,3.0,0.0,0.5,0.0,0.0,3.0,0.0,0.0,1.0,0.0,0.5,0.0,0.0,0.0,0.0,0.0,0.0,0.0,1.0,0.0,1.0,0.0,0.0,5.0,47.0,0.0
0.5,0.0,0.0,2.5,1.5,0.0,0.0,0.0,2.5,0.0,0.0,2.0,2.0,2.0,17.0,3.0,0.0,0.5,0.0,0.0,1.0,0.0,1.0,0.0,0.0,0.0,1.0,0.0,0.0,0.0,1.0,1.5,0.5,3.0,0.0,0.5,0.0,0.0,3.0,0.0,0.5,8.0,0.0,0.5,0.0,0.0,0.0,0.5,0.0,0.0,1.5,1.0,0.0,0.0,0.0,0.0,0.5,41.5,0.0
0.5,3.5,0.0,2.5,1.0,0.0,0.0,0.0,0.5,0.0,0.0,1.0,0.5,1.0,17.0,2.5,0.0,1.0,0.0,0.0,8.0,0.0,0.0,0.0,0.0,0.0,0.0,0.0,0.0,0.0,1.0,0.0,0.0,1.0,0.0,0.0,0.5,0.0,1.0,0.0,1.0,4.0,0.5,0.5,0.0,0.0,0.0,0.0,0.5,0.5,2.0,0.5,0.0,0.0,0.0,0.5,2.5,45.0,0.0
2.5,0.0,0.0,0.0,3.0,0.0,0.5,0.0,0.0,0.0,0.0,0.5,2.0,0.0,4.5,0.5,0.0,0.0,0.0,0.0,2.5,0.0,0.0,0.5,0.0,0.0,0.0,0.0,0.0,0.0,0.5,0.0,0.0,0.0,0.0,0.0,0.0,0.0,0.0,0.0,0.0,1.0,0.0,0.0,0.0,0.0,0.0,0.5,0.0,0.0,2.0,0.5,0.0,0.0,0.0,0.0,0.5,78.5,0.0
1.0,0.0,0.0,0.0,1.5,0.0,0.0,0.0,0.0,0.0,0.0,0.0,0.0,0.0,19.0,0.0,0.0,0.0,0.0,0.0,0.0,0.0,0.0,0.0,0.0,0.0,0.0,0.0,0.0,0.5,0.0,0.0,0.0,0.5,0.0,0.0,0.0,0.0,0.0,0.0,0.0,0.5,0.0,0.0,0.0,0.0,0.0,0.0,0.0,0.5,3.0,1.0,0.0,0.5,0.0,0.0,2.5,69.5,0.0
0.0,0.0,0.0,0.0,2.5,0.0,0.0,0.0,0.0,0.0,0.0,0.0,0.0,1.0,17.5,0.0,0.0,0.0,0.0,0.0,0.5,0.0,0.0,0.0,0.5,0.0,0.0,0.0,0.5,0.0,0.0,0.0,0.0,0.5,0.0,0.0,0.0,0.0,0.0,0.0,0.5,1.5,0.0,0.5,0.0,0.0,0.0,0.0,0.0,0.0,2.0,1.0,0.0,0.5,0.0,0.0,1.5,69.5,0.0
7.0,0.0,0.0,0.0,1.5,0.0,0.0,0.0,0.0,0.0,0.0,0.0,0.0,0.0,7.5,0.0,0.0,0.0,0.0,0.0,0.0,0.0,0.5,0.5,0.0,0.0,0.0,0.0,0.0,0.0,0.0,0.0,1.5,0.0,0.0,0.0,0.0,0.0,0.0,0.0,0.0,1.0,0.0,1.0,0.0,0.0,0.0,0.5,0.0,0.0,0.5,0.0,0.0,0.5,0.0,0.0,0.5,76.5,1.0
0.0,0.0,0.0,0.0,1.5,0.0,0.0,0.0,0.0,0.0,0.0,0.0,0.5,0.0,13.0,0.0,0.0,0.0,0.0,0.0,0.0,0.0,0.0,0.0,0.0,0.0,0.0,0.0,0.0,0.0,1.0,0.0,0.0,0.0,0.0,0.0,0.0,0.0,0.0,0.0,0.0,1.5,0.0,0.0,0.0,0.0,0.0,0.0,0.0,0.0,2.0,0.0,0.0,0.5,0.0,1.0,1.5,77.5,0.0
4.0,0.0,0.0,0.0,1.0,0.0,0.0,0.0,1.0,0.0,0.0,0.0,1.5,2.0,9.5,0.0,0.0,0.0,0.0,0.5,5.0,0.0,0.0,0.5,0.5,0.0,0.0,0.0,0.0,0.0,1.0,0.0,0.5,0.0,0.0,0.0,0.0,0.0,0.0,0.0,0.0,4.0,0.5,0.0,0.0,0.5,0.0,0.0,0.0,0.0,0.5,2.5,0.0,0.0,0.0,0.0,5.5,59.5,0.0
2.0,0.0,0.0,0.0,0.0,0.0,0.0,0.0,0.0,0.0,0.0,1.0,1.5,1.0,4.0,0.0,0.0,0.0,0.0,0.0,0.5,0.0,0.0,0.0,0.0,0.0,0.0,0.0,0.0,0.0,0.0,0.0,0.0,0.0,0.0,0.0,0.0,0.0,1.0,0.0,0.0,2.5,0.5,0.0,0.0,1.0,0.0,0.0,0.0,0.0,0.0,0.5,0.0,1.0,0.0,0.0,1.0,82.5,0.0
1.0,0.0,0.0,0.0,2.5,0.0,0.0,0.0,2.0,0.0,0.0,0.0,0.0,0.5,10.0,1.0,0.0,0.0,0.0,0.0,2.5,0.0,0.0,0.0,0.0,0.0,0.0,0.0,0.0,0.0,0.0,0.0,0.5,0.0,0.0,0.0,0.0,0.0,0.0,0.0,0.5,2.5,0.0,0.0,0.0,0.0,0.0,0.0,0.5,0.0,1.5,0.0,0.0,0.0,0.0,0.0,2.5,72.5,0.0
0.5,0.0,0.0,0.0,5.0,0.0,0.5,0.0,0.0,0.0,0.0,0.5,0.0,0.5,7.5,0.0,0.0,1.0,0.0,0.0,0.0,0.0,0.0,0.0,0.0,0.0,0.0,0.0,0.0,0.0,0.0,0.0,0.0,1.5,0.0,0.0,1.0,0.0,0.0,0.0,0.0,1.0,0.0,0.0,0.0,0.0,0.0,0.0,0.0,0.0,3.5,0.5,0.0,0.5,0.0,0.0,1.5,74.5,0.5
12.0,0.0,0.0,0.0,0.0,0.0,0.0,0.0,0.0,0.0,0.0,0.0,0.0,0.5,14.0,0.5,0.0,0.0,0.0,0.0,0.0,0.0,0.0,0.0,0.0,0.0,0.0,0.0,0.0,0.0,0.0,0.0,0.0,0.5,0.0,0.0,0.0,0.0,0.0,0.0,0.0,1.5,0.0,0.0,0.0,0.0,0.0,1.0,0.0,0.5,2.0,0.5,0.0,0.5,0.0,0.0,3.0,63.5,0.0
0.0,0.0,0.0,0.0,5.5,0.0,0.0,0.0,0.0,0.0,0.0,0.0,0.5,1.5,12.0,1.5,0.0,0.0,0.0,0.5,11.0,0.0,0.0,0.0,2.5,0.0,0.0,0.0,0.0,0.0,0.5,0.0,0.0,0.5,0.0,0.0,0.0,0.0,1.0,0.5,0.0,2.5,0.0,0.0,0.0,0.0,0.0,0.0,0.0,0.0,0.5,0.0,0.0,0.5,0.0,0.0,6.0,53.0,0.0
0.0,0.0,0.0,0.0,1.0,0.0,0.0,0.0,0.5,0.0,0.0,0.0,0.0,0.5,7.0,0.0,0.0,0.5,0.0,0.0,0.0,0.0,0.0,0.0,0.0,0.0,0.0,0.0,0.0,0.0,1.5,0.0,0.5,0.0,0.0,0.0,0.0,0.0,2.0,0.0,0.0,3.0,0.0,0.0,0.0,0.5,0.0,0.5,0.0,0.5,1.5,1.0,0.0,0.0,0.0,0.0,2.0,77.5,0.0
0.5,0.0,0.0,0.5,4.5,0.0,0.0,0.0,0.0,0.0,0.0,0.0,1.5,1.5,17.5,0.0,0.0,0.5,0.0,0.0,2.5,0.0,0.5,0.0,0.0,0.0,0.0,0.0,0.0,0.0,0.0,0.0,0.5,1.0,0.0,0.0,0.5,0.0,0.0,0.0,1.5,2.5,0.0,0.0,0.0,0.5,0.0,0.0,0.0,0.0,2.5,0.0,0.0,0.0,0.0,0.0,2.0,59.5,0.0
0.5,0.0,0.5,0.0,1.5,0.0,0.0,0.0,1.0,0.0,0.0,0.5,2.5,0.0,10.5,0.0,0.0,1.0,0.0,0.5,4.0,0.0,0.0,0.0,0.0,0.0,0.0,0.0,0.0,0.0,0.0,0.5,0.0,1.0,0.0,0.0,0.0,0.0,0.5,0.0,0.0,4.0,0.0,0.0,0.0,0.0,0.0,0.5,0.0,0.0,1.5,0.5,0.0,0.0,0.0,0.0,0.5,68.5,0.0
0.0,0.0,0.0,0.0,1.5,0.0,0.0,0.0,0.5,0.0,0.0,0.5,1.0,0.0,18.5,0.0,0.0,0.5,0.5,0.0,3.0,0.0,0.0,0.0,0.0,0.0,0.0,0.0,0.0,0.0,0.0,0.0,0.0,1.5,0.0,0.0,0.0,0.0,0.0,0.0,0.0,4.5,0.0,0.0,0.0,0.0,0.0,0.5,0.0,0.0,0.5,1.5,0.0,0.0,0.0,0.0,0.5,64.5,0.5
6.5,0.0,0.0,0.0,3.0,0.0,0.0,0.0,0.0,0.0,0.0,0.0,1.0,0.5,4.5,0.0,0.0,0.0,0.0,0.5,2.0,0.0,0.0,0.0,0.0,0.0,0.0,0.0,0.0,0.0,0.0,0.0,0.0,0.0,0.0,0.0,0.0,0.0,0.0,0.0,0.0,0.0,0.0,0.0,0.0,0.0,0.0,0.0,0.0,0.0,1.0,0.5,0.0,1.5,0.0,0.0,2.0,76.5,0.5
0.5,0.0,0.0,0.0,3.0,0.0,0.5,0.0,0.0,0.0,0.0,0.0,0.0,0.0,9.5,0.0,0.0,0.0,0.0,0.0,0.5,0.0,0.5,0.0,0.0,0.0,0.0,0.0,0.0,0.5,0.0,0.0,0.0,0.0,0.0,0.0,0.0,0.0,0.0,0.0,0.0,1.5,0.0,0.0,0.0,0.0,0.0,0.0,0.0,0.5,0.5,0.5,0.0,0.0,0.0,0.0,0.5,80.0,1.5
0.0,0.0,0.0,0.0,2.5,0.0,0.5,0.0,0.0,0.0,0.0,0.0,1.5,0.5,7.0,0.5,0.0,0.0,0.0,0.0,0.0,0.0,0.0,0.0,2.0,0.0,0.0,0.0,0.0,0.0,0.5,0.0,0.0,0.0,0.0,0.0,0.0,0.0,0.0,0.0,1.5,0.5,0.0,0.0,0.0,0.5,0.0,0.0,0.0,0.0,1.0,1.0,0.0,1.0,0.0,0.0,1.5,77.5,0.5
2.5,0.0,0.0,0.0,1.0,0.0,0.0,0.0,0.5,0.0,0.0,0.0,0.5,0.0,1.5,0.0,0.5,0.0,0.0,0.5,0.0,0.0,0.0,0.0,0.0,0.0,0.0,0.0,0.0,0.0,0.0,0.0,0.5,0.5,0.0,0.0,0.0,0.0,0.0,0.0,0.0,1.5,0.0,0.0,0.0,0.0,0.0,0.0,0.0,0.0,0.0,0.0,0.0,0.0,0.5,0.0,2.0,88.0,0.0
0.0,0.0,0.0,0.0,0.5,0.0,0.0,0.0,0.0,0.0,0.0,0.0,0.0,0.0,6.0,0.0,0.0,0.0,0.0,0.0,2.5,0.0,0.0,0.0,3.0,0.0,0.0,0.0,0.0,0.0,0.0,0.0,0.0,0.0,0.0,0.0,0.0,0.0,0.0,0.0,0.0,1.0,0.0,0.0,0.0,0.0,0.0,0.0,0.0,0.0,1.0,0.5,0.0,0.0,0.0,0.0,1.5,83.5,0.5
1.0,0.0,0.0,0.0,1.5,0.0,0.0,0.0,0.0,0.0,0.0,0.0,0.0,1.0,2.5,0.0,0.0,1.0,0.0,0.0,0.0,0.0,0.0,0.0,0.0,0.0,0.0,0.0,0.0,0.0,0.0,0.0,0.0,0.0,0.0,0.0,0.0,0.0,0.5,0.0,0.0,2.0,0.0,0.0,0.0,0.0,0.0,4.0,0.5,0.0,0.0,0.0,0.0,0.0,0.0,0.0,3.0,83.0,0.0
3.5,0.0,0.0,0.0,1.5,0.0,0.0,0.0,0.0,0.0,0.0,0.0,0.0,0.5,2.5,0.0,0.0,0.0,0.0,0.0,1.5,0.0,0.0,0.0,0.0,0.0,0.0,0.0,0.0,0.0,0.0,0.0,0.0,0.0,0.0,0.0,0.0,0.0,0.0,0.0,0.0,0.5,0.0,0.0,0.0,0.0,0.0,3.0,0.0,0.0,0.0,0.5,0.0,0.0,0.0,0.0,1.0,85.5,0.0
0.5,0.0,0.0,0.0,1.5,0.0,0.0,0.0,1.0,0.0,0.0,0.0,0.5,0.0,2.0,0.0,0.0,0.0,0.0,0.5,0.5,0.0,0.0,0.0,0.0,0.0,0.0,0.0,0.0,0.5,0.0,0.0,0.0,0.0,0.0,0.0,0.0,0.0,0.0,0.0,0.0,1.0,0.0,0.0,0.0,0.0,0.0,0.0,0.5,0.0,3.5,0.0,0.0,0.0,0.0,0.0,2.0,85.5,0.5
0.0,0.0,0.0,0.0,1.0,0.0,0.0,0.0,0.5,0.0,0.0,0.0,0.0,1.0,10.0,0.5,0.0,0.0,0.0,0.5,1.0,0.0,0.0,0.0,0.5,0.0,0.0,0.0,0.0,0.5,0.0,0.0,0.0,0.0,0.0,0.0,0.0,0.0,0.0,0.0,0.0,6.5,0.0,0.0,0.0,0.0,0.0,0.0,0.0,0.0,5.0,0.0,0.0,1.5,0.0,0.0,0.5,70.5,0.5
4.5,0.0,0.0,0.0,1.5,0.0,0.0,0.0,1.0,0.0,0.0,0.0,0.5,1.0,8.0,0.0,0.0,0.5,0.0,0.0,0.5,0.0,0.0,0.0,0.0,0.0,0.0,0.0,0.0,0.0,0.0,0.0,0.0,0.0,0.0,0.0,0.5,0.0,0.5,0.0,0.0,0.5,0.0,0.0,0.0,0.0,0.0,0.0,0.0,0.0,1.0,0.0,0.0,0.0,0.0,0.0,1.5,78.0,0.5
0.0,0.0,0.0,0.0,2.0,0.0,0.0,0.0,2.5,0.0,0.0,0.0,0.0,0.0,7.0,0.0,0.0,1.0,0.0,0.0,2.5,0.0,0.5,0.0,0.0,0.0,0.0,0.0,0.0,0.5,0.0,0.0,2.0,0.5,0.0,0.0,0.0,0.0,0.5,0.0,0.0,3.5,0.0,0.0,0.0,0.0,0.0,0.0,0.0,0.0,0.0,1.5,0.0,0.5,0.0,0.0,3.5,71.5,0.5
2.0,0.0,0.0,0.0,1.0,0.0,0.5,0.0,2.5,0.0,0.0,0.0,1.5,0.0,9.0,0.0,0.0,0.5,0.0,0.0,0.0,0.0,0.0,0.0,1.0,0.0,0.0,0.0,0.0,0.0,0.5,0.0,0.0,0.0,0.0,0.0,0.0,0.0,0.0,0.0,0.0,1.0,0.0,0.0,0.0,0.0,0.0,3.5,0.0,0.0,1.0,0.5,0.0,0.0,0.0,0.0,1.0,74.5,0.0
0.5,0.0,1.0,0.0,2.5,0.0,0.0,0.0,1.5,0.0,0.0,0.0,1.5,2.5,11.5,0.0,0.0,0.0,0.0,0.5,0.0,0.0,0.0,0.0,0.0,0.0,0.0,0.0,0.0,0.0,0.5,0.0,0.5,2.5,0.0,0.0,0.0,0.0,0.0,0.0,0.5,4.0,0.0,0.0,0.0,0.5,0.0,0.0,0.0,0.0,5.5,1.0,0.0,0.0,0.0,0.0,2.0,60.0,1.5
3.0,0.0,0.0,0.0,3.0,0.0,0.0,0.0,1.0,0.0,0.0,0.0,0.5,0.0,0.5,0.0,0.0,0.0,0.0,0.0,4.5,0.0,0.0,0.0,0.0,0.0,0.0,0.0,0.0,0.0,0.0,1.0,0.0,0.5,0.0,0.0,0.0,0.0,0.0,0.0,0.0,1.5,0.0,0.0,0.0,0.0,0.0,0.0,0.0,0.0,13.0,0.0,0.0,0.0,0.0,0.0,0.5,71.0,0.0
2.5,0.0,0.0,0.0,0.5,0.0,0.0,0.0,1.5,0.0,0.0,0.0,0.0,0.5,3.5,0.5,0.0,1.5,0.0,0.0,1.5,0.0,0.0,0.0,0.0,0.0,0.0,0.0,0.0,0.0,0.0,0.0,0.0,0.5,0.0,0.0,0.0,0.0,0.0,0.0,0.5,2.0,0.0,0.0,0.0,0.5,0.0,3.0,0.0,0.0,1.0,0.5,0.0,0.0,0.0,0.0,1.5,78.5,0.0
5.025125628,0.0,0.0,0.0,2.010050251,0.0,0.0,0.0,0.0,0.0,0.0,0.0,0.0,1.005025126,6.030150754,0.0,0.0,0.0,0.0,0.0,0.502512563,0.0,0.0,0.0,0.0,0.0,0.0,0.0,0.0,0.0,0.0,0.0,0.502512563,0.502512563,0.0,0.0,0.0,0.0,0.0,0.0,0.0,1.005025126,0.0,0.0,0.0,0.0,0.0,0.0,1.005025126,0.0,3.51758794,1.005025126,0.0,0.0,0.0,0.0,3.015075377,74.87437186,0.0
9.452736318,0.0,0.0,0.497512438,5.472636816,0.0,0.0,0.0,0.497512438,0.0,0.0,0.0,0.497512438,0.497512438,6.467661692,0.497512438,0.0,0.0,0.0,0.0,0.0,0.0,0.0,0.0,0.0,0.0,0.0,0.0,0.0,0.0,0.0,0.0,0.0,0.497512438,0.0,0.0,0.0,0.0,0.497512438,0.0,0.497512438,1.492537313,0.0,0.0,0.0,0.0,0.0,0.0,0.497512438,0.0,4.975124378,1.492537313,0.0,0.497512438,0.0,0.497512438,0.0,65.17412935,0.0
0.0,0.0,0.0,0.0,1.01010101,0.0,0.0,0.0,1.01010101,0.0,0.0,1.01010101,1.01010101,1.515151515,4.545454545,3.03030303,0.0,0.505050505,0.0,0.0,0.0,0.0,0.0,0.505050505,1.515151515,0.0,0.0,0.0,0.0,0.0,0.0,0.0,0.505050505,0.505050505,0.0,0.0,0.0,0.0,0.505050505,0.0,0.0,0.505050505,0.0,0.0,0.0,0.0,0.0,1.515151515,0.505050505,0.0,1.515151515,1.01010101,1.01010101,0.0,0.0,0.0,1.515151515,75.25252525,0.0
0.490196078,0.0,0.0,0.0,16.17647059,0.0,0.0,0.0,0.0,0.0,0.0,0.490196078,0.980392157,0.980392157,3.431372549,0.0,0.0,0.0,0.0,0.0,0.490196078,0.0,0.0,0.0,0.0,0.0,0.0,0.0,0.0,0.0,0.0,0.0,0.0,0.0,0.0,0.0,0.0,0.0,1.470588235,0.0,0.0,1.960784314,0.0,0.0,0.0,0.0,0.0,5.392156863,0.0,0.0,4.411764706,0.0,0.0,0.0,0.0,0.490196078,1.470588235,61.76470588,0.0
3.045685279,0.0,0.507614213,0.0,3.553299492,0.0,0.0,0.0,0.507614213,0.0,0.0,0.0,0.507614213,0.507614213,5.076142132,0.0,0.0,0.507614213,0.0,0.0,0.0,0.0,0.0,0.0,0.0,0.0,0.0,0.0,0.0,0.0,0.0,0.0,0.507614213,0.0,0.0,0.0,0.0,0.0,0.507614213,0.0,0.0,0.0,0.0,0.0,0.0,0.0,0.0,1.015228426,1.52284264,0.0,13.70558376,0.0,0.0,1.015228426,0.0,0.0,2.538071066,64.97461929,0.0
7.843137255,0.490196078,0.0,0.0,6.862745098,0.0,0.0,0.0,0.490196078,0.0,0.0,0.0,0.490196078,0.0,3.431372549,0.0,0.0,0.980392157,0.0,0.0,3.921568627,0.0,0.0,0.0,0.0,0.0,0.0,0.0,0.0,0.0,0.0,0.0,0.0,0.0,0.0,0.0,0.0,0.0,0.0,0.0,0.980392157,0.490196078,0.0,0.0,0.0,0.0,0.0,1.470588235,1.960784314,0.0,4.901960784,0.490196078,0.0,0.0,0.0,0.0,1.470588235,63.7254902,0.0
10.0,0.0,0.0,0.0,0.0,0.0,0.0,0.0,0.5,0.0,0.0,0.0,1.0,0.0,1.5,0.0,0.0,0.0,0.0,0.0,0.0,0.0,0.0,0.0,0.0,0.0,0.0,0.0,0.0,0.0,0.0,0.0,0.0,0.0,0.0,0.0,0.0,0.0,0.0,0.0,0.0,4.0,0.0,0.0,0.0,0.0,0.0,0.5,0.0,0.0,2.0,0.0,0.0,0.5,0.0,0.0,2.0,77.5,0.5
4.020100503,0.0,0.0,0.0,2.010050251,0.0,0.0,0.0,0.0,0.0,0.0,0.502512563,0.502512563,0.502512563,3.51758794,0.0,0.502512563,0.0,0.0,0.0,0.0,0.0,0.0,0.0,0.0,0.0,0.0,0.0,0.0,0.502512563,0.0,0.502512563,0.0,0.0,0.0,0.0,0.0,0.0,0.502512563,0.0,0.0,2.512562814,0.0,0.0,0.0,0.0,0.0,8.040201005,0.502512563,0.502512563,1.507537688,0.502512563,0.0,1.507537688,0.0,0.0,2.512562814,69.34673367,0.0
1.005025126,0.0,0.502512563,0.0,2.512562814,0.0,0.0,0.0,0.502512563,0.0,0.0,0.0,2.512562814,0.0,5.527638191,0.0,0.0,0.0,0.0,0.0,3.015075377,0.0,0.0,0.0,0.0,0.0,0.0,0.0,0.0,0.502512563,0.0,0.502512563,1.507537688,0.0,0.0,0.0,0.0,0.0,0.0,0.0,0.0,4.020100503,0.0,0.0,0.0,0.0,0.0,0.502512563,1.507537688,0.0,14.57286432,1.005025126,0.0,1.005025126,0.0,0.0,3.51758794,55.27638191,0.502512563
6.030150754,0.502512563,0.0,0.502512563,9.045226131,0.0,1.005025126,0.0,0.0,0.0,0.0,0.0,0.502512563,0.0,2.512562814,0.0,0.0,0.0,0.0,0.0,0.0,0.0,0.0,0.0,0.0,0.0,0.0,0.0,0.0,0.502512563,0.0,0.0,0.502512563,0.0,0.0,0.0,0.0,0.0,0.0,0.0,0.0,1.507537688,0.0,0.0,0.0,0.0,0.0,3.51758794,0.0,0.0,2.512562814,0.0,0.0,0.502512563,0.0,0.0,2.512562814,68.34170854,0.0
0.5,0.0,0.5,0.0,2.0,0.0,0.0,0.0,0.5,0.0,0.0,0.0,0.0,0.0,6.0,0.0,0.0,0.5,0.0,0.0,2.5,0.0,0.0,0.0,0.0,0.0,0.0,0.0,0.0,0.0,0.0,0.0,0.5,0.5,0.0,0.0,0.0,0.0,0.0,0.0,0.0,1.5,0.0,0.0,0.0,0.0,0.0,1.5,1.5,0.0,6.0,2.0,0.0,0.5,0.0,0.0,0.5,72.5,0.5
0.5,0.0,0.0,0.0,5.0,0.0,0.5,0.0,0.5,0.0,0.0,0.0,1.0,1.5,4.0,0.0,0.0,0.5,0.0,0.5,0.0,0.0,0.0,0.0,0.5,0.0,0.0,0.0,0.0,0.5,0.5,0.0,0.0,0.5,0.0,0.0,0.0,0.0,1.0,0.0,0.0,1.5,0.0,0.0,0.0,0.0,0.0,9.0,0.0,0.5,2.0,0.5,0.0,0.0,0.0,0.0,3.5,66.0,0.0
2.040816327,0.0,0.510204082,0.0,4.081632653,0.0,0.0,0.0,1.020408163,0.0,0.0,0.0,0.510204082,1.020408163,7.142857143,0.0,0.0,0.510204082,0.0,0.0,2.040816327,0.0,0.0,0.0,0.0,0.0,0.0,0.0,0.0,0.0,0.0,0.0,1.020408163,0.510204082,0.0,0.0,0.0,0.0,0.510204082,0.0,0.510204082,2.040816327,0.0,0.0,0.0,0.0,0.0,1.020408163,2.551020408,1.020408163,10.71428571,0.510204082,0.0,0.0,0.0,1.020408163,1.530612245,58.16326531,0.0
5.714285714,0.0,0.0,0.952380952,9.047619048,0.0,0.0,0.0,0.952380952,0.0,0.0,0.0,0.952380952,1.428571429,4.285714286,0.0,0.0,1.428571429,0.0,0.476190476,2.380952381,0.0,0.0,0.0,0.0,0.0,0.0,0.0,0.0,0.0,0.0,0.0,0.952380952,0.0,0.0,0.0,0.0,0.0,0.476190476,0.0,0.0,0.952380952,0.0,0.0,0.0,0.0,0.0,2.857142857,0.476190476,0.0,6.666666667,0.0,0.0,0.476190476,0.0,0.0,0.952380952,58.57142857,0.0
1.5,0.0,1.0,1.0,2.0,0.0,0.0,0.0,0.5,0.0,0.0,0.0,0.5,1.0,3.5,0.0,0.0,0.5,0.0,0.5,1.0,0.0,0.5,0.0,0.0,0.0,0.0,0.0,0.0,0.0,1.0,0.0,0.0,0.5,0.0,0.0,0.0,0.0,1.0,0.0,0.0,2.5,0.0,0.0,0.0,0.0,0.0,1.5,1.0,0.0,2.0,0.5,0.0,0.0,0.0,0.5,0.5,75.5,0.0
4.0,0.0,0.0,0.5,0.0,0.0,0.0,0.0,0.0,0.0,0.0,0.0,0.0,0.5,4.5,0.0,0.0,0.0,0.0,0.5,0.0,0.0,0.0,0.0,0.0,0.0,0.0,0.0,0.0,0.5,0.0,0.5,0.0,0.0,0.0,0.0,0.0,0.0,0.5,0.0,0.0,2.0,0.0,0.0,0.0,0.0,0.0,0.5,0.0,0.0,0.0,1.0,0.0,0.0,0.0,0.0,2.0,83.0,0.0
0.985221675,0.0,0.0,0.985221675,0.0,0.0,0.0,0.0,0.0,0.0,0.0,0.0,0.0,0.0,7.881773399,0.0,0.0,0.0,0.0,0.0,1.477832512,0.0,0.0,0.0,0.0,0.0,0.0,0.0,0.0,0.0,0.0,0.0,0.0,0.0,0.0,0.0,0.492610837,0.0,0.492610837,0.0,0.0,0.985221675,0.0,0.0,0.0,0.0,0.0,0.0,0.0,0.0,0.492610837,0.0,0.0,0.0,0.0,0.0,0.985221675,84.72906404,0.492610837
0.0,0.0,0.0,0.502512563,0.502512563,0.0,0.0,0.0,0.502512563,0.0,0.0,0.0,0.502512563,0.0,8.040201005,0.0,0.0,0.0,0.0,0.0,1.005025126,0.0,0.0,0.0,2.010050251,0.0,0.0,0.0,0.0,0.0,0.0,0.0,0.0,0.0,0.0,0.0,0.0,0.0,0.502512563,0.0,0.0,5.025125628,0.0,0.502512563,0.0,0.0,0.0,1.005025126,0.502512563,0.0,0.0,0.502512563,0.0,0.502512563,0.0,0.0,0.502512563,77.88944724,0.0
1.0,0.5,0.0,0.0,2.0,0.0,0.5,0.0,1.0,0.0,0.0,0.0,0.5,0.0,4.0,0.0,0.0,1.0,0.0,0.0,0.5,0.0,0.0,0.0,0.0,0.0,0.0,0.0,0.0,0.0,0.0,0.0,0.5,0.0,0.0,0.0,0.0,0.0,3.0,0.0,0.0,0.5,0.0,0.0,0.0,0.0,0.0,1.0,0.0,0.0,2.0,0.5,0.0,0.0,0.0,0.0,2.5,79.0,0.0
3.0,0.0,0.0,1.0,2.0,0.0,0.0,0.0,0.5,0.0,0.0,0.0,0.0,0.5,2.5,0.0,0.0,0.0,0.0,0.0,2.5,0.0,0.0,0.0,0.5,0.0,0.0,0.5,0.0,0.0,0.0,0.0,0.0,1.0,0.0,0.0,0.0,0.0,1.5,0.0,0.0,3.0,0.0,0.5,0.0,0.0,0.0,3.0,0.0,0.0,0.5,0.5,0.0,0.0,0.0,0.0,3.0,73.5,0.5
1.666666667,0.416666667,0.0,0.0,1.25,0.0,0.0,0.0,0.0,0.0,0.0,0.0,0.0,0.833333333,2.083333333,0.0,0.0,0.833333333,0.0,0.416666667,3.333333333,0.0,0.416666667,0.0,0.0,0.0,0.0,0.0,0.0,0.0,0.0,0.0,0.0,0.416666667,0.0,0.0,0.0,0.0,1.25,0.0,0.0,2.5,0.0,0.0,0.0,0.0,0.0,0.0,2.5,0.0,1.666666667,1.25,0.0,0.0,0.0,0.0,0.416666667,78.33333333,0.416666667
5.0,0.0,0.0,0.5,4.0,0.0,0.0,0.0,0.0,0.0,0.0,0.5,3.0,0.0,2.0,0.0,0.0,0.0,0.0,0.5,1.0,0.0,0.0,0.0,0.0,0.0,0.0,0.0,0.0,0.0,0.0,0.0,0.5,0.0,0.0,0.0,0.0,0.0,0.5,0.0,0.0,2.0,0.0,0.0,0.0,0.0,1.0,0.5,0.0,0.0,0.5,1.5,0.0,0.0,0.0,0.0,2.0,75.0,0.0
0.490196078,0.0,1.470588235,0.490196078,1.960784314,0.0,0.0,0.0,0.0,0.0,0.0,0.0,0.980392157,0.0,5.392156863,0.0,0.0,0.490196078,0.0,0.0,0.490196078,0.0,0.0,0.0,2.450980392,0.0,0.0,0.0,0.0,0.0,0.0,0.0,0.0,0.490196078,0.0,0.0,0.0,0.0,0.490196078,0.0,0.0,1.470588235,0.0,0.0,0.0,0.490196078,0.490196078,0.490196078,0.0,0.0,0.980392157,0.980392157,0.0,0.490196078,0.490196078,0.0,1.960784314,76.96078431,0.0
4.020100503,0.502512563,0.0,0.502512563,3.51758794,0.0,0.0,0.0,0.0,0.0,0.0,0.0,1.005025126,2.010050251,10.05025126,0.0,0.0,0.0,0.0,1.005025126,0.0,0.0,0.0,0.0,0.0,0.0,0.0,0.0,0.0,0.502512563,0.0,0.0,0.0,0.502512563,0.0,0.0,0.0,0.0,1.005025126,0.0,0.0,1.507537688,0.0,0.502512563,0.0,0.0,0.0,4.020100503,0.0,0.0,0.0,3.015075377,0.0,0.0,0.0,0.0,1.005025126,65.32663317,0.0
3.738317757,0.0,0.0,1.401869159,0.934579439,0.0,0.0,0.0,0.0,0.0,0.0,0.0,0.0,0.0,4.205607477,0.0,0.0,0.0,0.0,0.46728972,0.0,0.0,0.0,0.0,0.0,0.0,0.0,0.0,0.0,0.0,0.0,0.0,0.0,0.0,0.0,0.0,0.0,0.0,0.934579439,0.0,0.46728972,2.803738318,0.0,0.46728972,0.0,0.0,0.0,0.0,0.0,0.0,0.0,0.0,0.0,0.0,0.0,0.0,0.0,84.57943925,0.0
2.0,0.0,0.0,0.5,1.0,0.0,0.0,0.0,1.5,0.0,0.0,0.0,0.5,1.0,6.5,0.5,0.0,0.5,0.0,0.0,4.5,0.0,0.0,0.0,0.5,0.0,0.0,0.0,0.0,0.5,1.0,0.0,0.5,0.5,0.0,0.0,0.0,0.0,2.5,0.5,0.0,1.5,0.0,0.0,0.0,0.0,0.0,2.0,1.0,0.0,0.0,2.0,0.0,0.0,0.0,0.0,1.0,68.0,0.0
0.5,1.0,0.5,0.0,3.5,0.0,0.5,0.0,0.5,0.0,0.0,0.5,1.5,2.5,4.5,0.0,0.0,3.0,0.0,0.0,2.0,0.0,0.0,0.0,0.0,0.0,0.0,0.0,0.0,0.0,0.0,0.0,0.5,0.5,0.0,0.0,0.0,0.0,1.0,0.0,0.0,3.5,0.5,0.0,0.0,0.0,0.0,5.0,0.0,0.0,2.5,0.0,0.0,0.5,0.5,0.5,2.5,62.0,0.0
0.5,0.0,0.0,1.5,9.0,0.0,0.5,0.0,1.0,0.0,0.0,0.5,3.0,1.5,5.5,0.0,0.0,0.5,0.0,0.0,0.5,0.0,0.0,0.5,0.5,0.5,0.0,0.0,0.0,1.0,0.5,0.0,1.0,0.0,0.0,0.5,0.0,0.0,0.0,0.0,1.5,4.0,0.0,0.5,0.0,0.5,0.0,6.0,1.0,0.0,4.5,2.5,0.0,0.0,0.0,0.0,3.0,48.0,0.0
6.329113924,0.0,0.0,0.421940928,1.265822785,0.0,0.0,0.0,1.265822785,0.0,0.0,0.843881857,0.421940928,0.843881857,2.53164557,0.0,0.0,0.421940928,0.0,0.0,4.641350211,0.0,0.0,0.0,0.0,0.0,0.0,0.0,0.0,0.0,0.0,0.0,0.0,0.0,0.0,0.0,0.0,0.0,2.953586498,0.0,0.0,1.687763713,0.421940928,0.421940928,0.0,0.0,0.0,5.063291139,0.421940928,0.0,1.265822785,0.843881857,0.0,0.0,0.0,0.0,2.953586498,64.97890295,0.0
4.0,0.5,0.5,1.5,3.0,0.0,0.0,0.0,0.5,0.0,0.0,1.0,1.5,0.0,3.0,1.0,0.0,1.5,0.0,0.0,0.0,0.0,0.0,0.0,0.5,0.0,0.0,0.0,0.0,0.0,0.5,0.0,0.5,0.0,0.0,0.0,0.0,0.0,0.0,0.0,0.0,3.5,0.0,0.0,0.0,0.0,0.0,2.5,0.0,0.0,1.5,0.0,0.0,0.0,0.0,0.5,0.5,72.0,0.0
6.0,0.0,0.0,0.0,1.0,0.0,0.0,0.0,0.0,0.0,0.0,0.0,1.0,0.0,5.5,0.0,0.0,0.0,0.0,0.0,0.5,0.0,0.0,0.0,0.0,0.0,0.0,0.0,0.0,0.5,0.5,0.0,0.0,1.0,0.0,0.0,0.0,0.0,2.0,0.0,0.0,3.0,0.0,0.0,0.0,0.0,0.0,0.0,0.0,0.0,0.5,0.0,0.0,0.0,0.0,0.0,4.5,74.0,0.0
0.0,0.0,0.0,2.5,0.5,0.0,0.0,0.0,0.5,0.0,0.0,0.0,1.0,1.0,10.5,0.0,0.0,0.0,0.0,0.5,0.0,0.0,0.0,0.0,0.0,0.0,0.0,0.0,0.0,0.0,0.0,0.0,0.5,1.0,0.0,0.0,0.0,0.0,5.5,0.0,0.0,1.0,0.0,0.5,0.0,0.0,0.0,0.5,0.0,0.0,2.5,0.0,0.0,0.5,0.0,0.0,1.5,70.0,0.0
0.0,0.505050505,0.0,0.505050505,2.02020202,0.0,0.0,0.0,0.0,0.0,0.0,0.0,1.515151515,0.505050505,8.585858586,0.505050505,0.0,0.505050505,0.0,0.0,2.525252525,0.0,0.0,0.0,2.525252525,0.0,0.0,0.0,0.0,0.0,0.0,0.0,0.0,0.505050505,0.0,0.0,0.0,0.0,0.505050505,0.0,0.0,4.04040404,0.0,0.505050505,0.0,0.505050505,0.0,0.0,0.0,0.0,1.515151515,0.505050505,0.0,0.505050505,0.0,0.0,0.505050505,70.70707071,0.505050505
0.995024876,0.0,0.0,0.497512438,0.995024876,0.0,0.0,0.0,0.995024876,0.0,0.0,0.497512438,0.497512438,1.492537313,4.47761194,0.0,0.0,0.0,0.0,0.0,0.0,0.0,0.497512438,0.0,0.497512438,0.0,0.0,0.0,0.0,0.0,0.0,0.0,0.0,0.0,0.0,0.0,0.0,0.0,2.985074627,0.0,0.0,2.487562189,0.0,0.0,0.0,0.0,0.0,1.492537313,0.0,0.0,0.497512438,0.0,0.0,0.0,0.0,0.0,3.482587065,77.11442786,0.497512438
0.497512438,0.0,0.0,0.995024876,1.492537313,0.0,0.0,0.0,0.995024876,0.0,0.0,0.497512438,0.497512438,1.492537313,5.472636816,0.0,0.0,0.0,0.0,1.492537313,0.0,0.0,0.497512438,0.497512438,0.0,0.0,0.0,0.0,0.0,0.995024876,0.497512438,0.0,0.0,0.995024876,0.0,0.0,0.0,0.0,1.990049751,0.0,0.0,2.985074627,0.0,0.497512438,0.0,0.0,0.0,1.492537313,0.0,0.0,1.492537313,0.497512438,0.0,0.497512438,0.0,0.0,1.990049751,71.14427861,0.497512438
0.480769231,0.0,0.0,0.480769231,8.653846154,0.0,0.0,0.0,0.480769231,0.0,0.0,0.480769231,0.961538462,0.480769231,3.846153846,2.403846154,0.0,0.480769231,0.0,0.0,2.403846154,0.0,0.0,0.480769231,0.0,0.0,0.0,0.0,0.0,0.480769231,0.0,0.0,0.480769231,0.0,0.0,0.0,0.0,0.0,3.846153846,0.0,0.0,3.365384615,0.0,0.480769231,0.0,0.0,0.0,1.442307692,0.480769231,0.0,4.807692308,0.961538462,0.0,0.0,0.0,0.0,3.846153846,58.17307692,0.0
1.960784314,0.0,0.0,0.0,3.431372549,0.0,0.0,0.0,0.0,0.0,0.0,0.0,1.470588235,0.980392157,2.941176471,0.0,0.0,0.490196078,0.0,0.0,0.490196078,0.0,0.0,0.0,0.0,0.0,0.0,0.0,0.0,0.0,0.0,0.0,0.0,0.490196078,0.0,0.0,0.0,0.0,3.921568627,0.0,0.0,1.960784314,0.0,0.0,0.0,0.0,0.0,0.490196078,0.0,0.0,1.470588235,0.0,0.0,0.490196078,0.0,0.0,0.980392157,78.43137255,0.0
0.5,0.0,0.0,2.0,1.5,0.0,0.0,0.0,0.0,0.0,0.0,0.0,1.0,1.0,4.5,0.0,0.0,0.0,0.0,0.0,0.0,0.0,0.0,0.0,0.0,0.0,0.0,0.0,0.0,0.5,0.0,0.0,0.5,0.0,0.0,0.0,0.0,0.5,2.5,0.0,0.0,4.0,0.5,0.0,0.0,0.0,0.0,4.5,0.0,0.0,2.5,1.0,0.0,0.0,0.0,0.0,1.5,71.5,0.0
0.0,0.0,0.0,2.926829268,2.43902439,0.0,0.487804878,0.0,0.487804878,0.0,0.0,0.0,2.43902439,1.463414634,6.341463415,0.487804878,0.0,0.487804878,0.0,0.487804878,0.0,0.0,0.0,0.0,0.0,0.0,0.0,0.0,0.0,0.975609756,0.0,0.0,0.0,0.0,0.0,0.0,0.0,0.0,0.975609756,0.0,0.0,5.853658537,0.0,0.0,0.0,0.0,0.0,0.0,0.0,0.0,2.926829268,0.487804878,0.0,0.487804878,0.0,0.0,4.390243902,64.87804878,0.975609756
3.5,0.0,0.0,0.5,6.0,0.0,0.0,0.0,1.5,0.0,0.0,0.0,2.0,1.0,4.0,0.0,0.0,0.0,0.0,0.0,0.0,0.0,0.0,0.0,0.0,0.0,0.0,0.0,0.0,0.5,0.0,0.0,0.0,0.0,0.0,0.0,0.0,0.0,1.0,0.0,0.0,1.0,0.0,0.0,0.0,1.0,0.0,4.0,0.0,0.0,1.5,0.5,0.0,0.0,0.0,0.0,2.5,68.5,1.0
0.0,0.0,0.460829493,3.686635945,6.912442396,0.0,0.0,0.0,0.921658986,0.0,0.0,0.460829493,0.921658986,1.843317972,3.225806452,0.0,0.0,0.0,0.0,0.0,5.069124424,0.0,0.460829493,0.0,0.0,0.0,0.0,0.0,0.0,0.0,0.0,0.0,0.921658986,0.921658986,0.0,0.460829493,0.0,0.0,4.608294931,0.0,0.0,2.764976959,0.0,0.0,0.0,0.0,0.0,0.0,0.460829493,0.0,3.686635945,0.460829493,0.0,0.0,0.0,0.0,0.921658986,60.82949309,0.0
0.480769231,0.0,0.0,0.480769231,4.326923077,0.0,0.480769231,0.0,1.923076923,0.0,0.0,0.480769231,5.288461538,2.403846154,7.211538462,1.442307692,0.0,2.884615385,0.0,0.961538462,1.923076923,0.0,0.961538462,0.0,0.0,0.0,0.0,0.0,0.0,0.0,0.0,0.0,0.961538462,0.480769231,0.0,0.0,0.0,0.0,0.0,0.0,0.961538462,3.365384615,1.442307692,0.0,0.0,0.0,0.0,6.730769231,0.961538462,0.0,1.442307692,3.846153846,0.0,0.0,0.0,0.0,5.288461538,42.78846154,0.480769231
0.0,0.0,0.0,0.0,5.213270142,0.0,0.0,0.0,0.0,0.0,0.0,0.473933649,4.265402844,3.791469194,15.16587678,0.473933649,0.0,0.0,0.0,0.0,1.421800948,0.0,0.0,0.0,0.473933649,0.0,0.0,0.0,0.0,0.473933649,0.947867299,0.0,0.473933649,1.895734597,0.0,0.0,0.0,0.0,1.421800948,0.0,0.0,6.63507109,0.0,0.947867299,0.0,0.0,0.0,3.791469194,0.473933649,0.0,2.843601896,0.473933649,0.0,0.947867299,0.0,0.0,2.369668246,45.02369668,0.0
1.463414634,1.463414634,0.0,2.926829268,6.829268293,0.0,0.0,0.0,3.414634146,0.0,0.0,0.0,2.43902439,1.463414634,3.902439024,0.0,0.0,0.975609756,0.0,0.487804878,4.390243902,0.0,0.0,0.0,0.0,0.0,0.0,0.0,0.0,0.0,0.0,0.0,0.487804878,0.0,0.0,0.0,0.0,0.0,4.390243902,0.0,0.0,1.463414634,0.0,0.487804878,0.0,0.0,0.0,3.414634146,0.0,0.0,2.926829268,1.951219512,0.487804878,0.0,0.0,0.0,2.43902439,52.19512195,0.0
1.5,2.0,0.0,10.5,6.0,0.0,0.0,0.0,0.5,0.0,0.0,0.0,1.5,2.5,6.0,0.5,0.0,1.5,0.0,0.5,1.5,0.0,0.0,0.0,0.5,0.0,0.0,0.0,0.0,1.0,1.0,0.0,0.0,3.0,0.0,0.0,0.5,0.0,4.5,0.0,0.0,3.0,0.0,0.5,0.0,0.0,0.0,1.0,0.5,0.0,3.0,1.5,0.0,1.0,0.0,0.0,1.5,43.0,0.0
